checked_at,icao,url,status,name,database_latitude,database_longitude,aip_latitude,aip_longitude,coordinate_delta_nm,database_elevation_ft,aip_elevation_ft,elevation_delta_ft,database_runway_m,aip_longest_runway_m,runway_delta_m,ppr,fuel,prices,opening_hours,frequencies,restaurant,error
2026-08-17,EBSP,https://aip.aero/be/vfr/?EBSP,ok,SPA / La Sauvenière EBSP,50.4825,5.910278,50.482006,5.913434,0.124,1542,1581,39,799,799,0,No,"AVGAS, Jet A-1",,,RDO 124.64,,
2026-08-17,EDAH,https://aip.aero/de/en/vfr/?EDAH,ok,Heringsdorf EDAH,53.8787,14.1523,53.8787,14.1523,0.000,94,94,0,2305,2305,0,No,"AVGAS, Jet A-1",AVGAS 100LL: 3.14 EUR/l; Jet A-1: 3.18 EUR/l,Mon/Tue/Wed/Thu/Fri/Sat/Sun 07:00–17:00 UTC,AFIS 132.65 · INFO 132.83 · TWR 132.83,Yes,
2026-08-17,EDAX,https://aip.aero/de/en/vfr/?EDAX,ok,Mueritz Airpark EDAX,53.305167,12.752167,53.306389,12.752222,0.073,220,220,0,2380,2380,0,No,AVGAS,,,FIS 132.65 · RADIO 118.99,Yes,
2026-08-17,EDAY,https://aip.aero/de/en/vfr/?EDAY,ok,Strausberg EDAY,52.5802,13.915,52.580555,13.916667,0.064,263,262,-1,1200,1200,0,,,AVGAS 100LL: 3.14 EUR/l; Jet A-1: 3.18 EUR/l; MOGAS (car petrol): 2.62 EUR/l,Mon/Tue/Wed/Thu/Fri 06:30–18:00 UTC; Sat/Sun 07:00–18:00 UTC,AFIS 132.65 · FIS 118.735,Yes,
2026-08-17,EDAZ,https://aip.aero/de/en/vfr/?EDAZ,ok,Schoenhagen EDAZ,52.2038,13.16,52.204631,13.159526,0.053,135,152,17,1510,1510,0,No,"Super PLUS, AVGAS, Jet A-1",AVGAS 100LL: 3.14 EUR/l; Jet A-1: 3.18 EUR/l; MOGAS (car petrol): 2.81 EUR/l,Mon/Tue/Wed/Thu/Fri/Sat/Sun H24,AFIS 131.155 · ATIS 119.49 · FIS 132.65,Yes,
2026-08-17,EDBN,https://aip.aero/de/en/vfr/?EDBN,ok,Neubrandenburg EDBN,53.6022,13.306,53.6022,13.306,0.000,228,228,0,2290,2293,3,No,"AVGAS, Jet A-1",,Mon/Tue/Wed/Thu/Fri/Sat/Sun 08:00–18:00 UTC,ACC 126.175 · AFIS 132.65 · FIS 119.18 · INFO 122.05 · RMP 122.05,Yes,
2026-08-17,EDCG,https://aip.aero/de/en/vfr/?EDCG,ok,Ruegen EDCG,54.3833,13.3256,54.38347,13.325542,0.010,69,69,0,900,900,0,No,"AVGAS, Jet A-1",,,AFIS 132.65 · INFO 123.005,Yes,
2026-08-17,EDFE,https://aip.aero/de/en/vfr/?EDFE,ok,Frankfurt-Egelsbach EDFE,49.960833,8.6415,49.96,8.643043,0.078,385,384,-1,1400,1400,0,No,"AVGAS, Jet A-1, AVGAS UL91",AVGAS 100LL: 3.24 EUR/l; Jet A-1: 3.03 EUR/l; AVGAS UL91: 3.12 EUR/l,,AFIS 119.15 · INFO 118.405 · RMP 121.73,Yes,
2026-08-17,EDFM,https://aip.aero/de/en/vfr/?EDFM,ok,Mannheim City EDFM,49.4727,8.5143,49.473057,8.514167,0.022,309,308,-1,1066,1066,0,No,"Super PLUS, AVGAS, Jet A-1",AVGAS 100LL: 2.95 EUR/l; Jet A-1: 2.70 EUR/l; MOGAS (car petrol): 2.40 EUR/l,Mon/Tue/Wed/Thu/Fri 05:00–20:00 UTC; Sat/Sun 07:00–19:00 UTC,ATIS 132.415 · INFO 129.78 · TWR 129.78,Yes,
2026-08-17,EDFR,https://aip.aero/de/en/vfr/?EDFR,ok,Rothenburg o.d.T. EDFR,49.3928,10.1953,49.388941,10.218564,0.938,1309,1309,0,950,950,0,No,"AVGAS, Jet A-1",AVGAS 100LL: 3.14 EUR/l; Jet A-1: 3.18 EUR/l,,AFIS 119.15 · INFO 128.36,Yes,
2026-08-17,EDGE,https://aip.aero/de/en/vfr/?EDGE,ok,Eisenach-Kindel EDGE,50.9917,10.475,50.991604,10.47973,0.179,1101,1112,11,1720,1720,0,,,AVGAS 100LL: 2.83 EUR/l; Jet A-1: 2.89 EUR/l; MOGAS (car petrol): 2.65 EUR/l,,AFIS 119.825 · INFO 119.755,Yes,
2026-08-17,EDGS,https://aip.aero/de/en/vfr/?EDGS,ok,Siegerland EDGS,50.7077,8.083,50.707699,8.08297,0.001,1966,1966,0,1620,1620,0,No,"Super PLUS, AVGAS, Jet A-1",AVGAS 100LL: 3.14 EUR/l; Jet A-1: 3.18 EUR/l; MOGAS (car petrol): 2.81 EUR/l,Mon/Tue/Wed/Thu/Fri 07:00–19:00 UTC,AFIS 123.525 · ATIS 128.705 · FIS 120.38 · RDR 124.9,Yes,
2026-08-17,EDHL,https://aip.aero/de/en/vfr/?EDHL,ok,Luebeck-Blankensee EDHL,53.8054,10.7192,53.805401,10.7192,0.000,53,53,0,2102,2102,0,No,"AVGAS, Jet A-1, AVGAS UL91",AVGAS 100LL: 3.52 EUR/l; Jet A-1: 3.14 EUR/l; AVGAS UL91: 3.47 EUR/l,Mon/Tue/Wed/Thu/Fri/Sat/Sun 07:00–19:00 UTC,AFIS 125.1 · ATIS 119.93 · GND 121.78 · INFO 128.705 · RDR 124.225 · TWR 128.705,Yes,
2026-08-17,EDKA,https://aip.aero/de/en/vfr/?EDKA,ok,Aachen-Merzbrueck EDKA,50.8231,6.1864,50.823055,6.186389,0.003,623,623,0,1160,1160,0,No,"Super PLUS, AVGAS, Jet A-1",AVGAS 100LL: 3.14 EUR/l; Jet A-1: 3.18 EUR/l; MOGAS (car petrol): 2.81 EUR/l,,INFO 122.88,Yes,
2026-08-17,EDKB,https://aip.aero/de/en/vfr/?EDKB,ok,Bonn-Hangelar EDKB,50.76889,7.163333,50.76889,7.163333,0.000,197,197,0,800,,,No,"Super PLUS, AVGAS, Jet A-1",AVGAS 100LL: 2.99 EUR/l; Jet A-1: 3.18 EUR/l; MOGAS (car petrol): 2.81 EUR/l,,AFIS 123.525 · INFO 135.155,Yes,
2026-08-17,EDKM,https://aip.aero/de/en/vfr/?EDKM,ok,Meschede-Schueren EDKM,51.302333,8.237333,51.302776,8.239167,0.074,1436,1434,-2,900,,,No,"AVGAS, Jet A-1",AVGAS 100LL: 3.14 EUR/l; Jet A-1: 3.18 EUR/l,,AFIS 129.875 · INFO 126.015,Yes,
2026-08-17,EDLA,https://aip.aero/de/en/vfr/?EDLA,ok,Arnsberg-Menden EDLA,51.483333,7.899444,51.483891,7.898333,0.053,794,794,0,1055,1055,0,No,"Super PLUS, AVGAS, Jet A-1",AVGAS 100LL: 2.69 EUR/l; Jet A-1: 2.79 EUR/l,,AFIS 129.875 · ATIS 133.805 · INFO 121.21,Yes,
2026-08-17,EDLD,https://aip.aero/de/en/vfr/?EDLD,ok,Dinslaken/Schwarze Heide EDLD,51.6161,6.8653,51.616018,6.861262,0.151,213,217,4,1500,1500,0,No,"Super PLUS, AVGAS, Jet A-1",AVGAS 100LL: 2.89 EUR/l; Jet A-1: 2.99 EUR/l; MOGAS (car petrol): 2.55 EUR/l,,AFIS 129.875 · INFO 122.705,Yes,
2026-08-17,EDLE,https://aip.aero/de/en/vfr/?EDLE,ok,Essen/Muelheim EDLE,51.403,6.9392,51.402302,6.93733,0.082,423,424,1,1553,1553,0,No,,AVGAS 100LL: 2.94 EUR/l; Jet A-1: 2.73 EUR/l; MOGAS (car petrol): 2.59 EUR/l,,AFIS 129.875 · INFO 119.755,Yes,
2026-08-17,EDLH,https://aip.aero/de/en/vfr/?EDLH,ok,Hamm-Lippewiesen EDLH,51.6897,7.8161,51.68972,7.816111,0.001,190,190,0,900,,,No,"Super PLUS, AVGAS",AVGAS 100LL: 2.89 EUR/l; MOGAS (car petrol): 2.45 EUR/l,,AFIS 129.875 · INFO 134.055,Yes,
2026-08-17,EDLM,https://aip.aero/de/en/vfr/?EDLM,ok,Marl-Loemuehle EDLM,51.647,7.163667,51.647202,7.16333,0.017,241,240,-1,830,,,No,"Super PLUS, AVGAS, Jet A-1",AVGAS 100LL: 3.06 EUR/l; Jet A-1: 3.08 EUR/l; MOGAS (car petrol): 2.49 EUR/l,,AFIS 129.875 · INFO 134.61,Yes,
2026-08-17,EDLN,https://aip.aero/de/en/vfr/?EDLN,ok,Moenchengladbach EDLN,51.2303,6.5045,51.230278,6.504444,0.002,125,125,0,1200,1200,0,No,"AVGAS, Jet A-1",AVGAS 100LL: 3.24 EUR/l; MOGAS (car petrol): 3.20 EUR/l,Mon/Tue/Wed/Thu/Fri/Sat/Sun 05:00–07:00 UTC,AFIS 129.875 · ATIS 109.8 · GND 121.93 · RADAR 128.555 · TWR 120.455,,
2026-08-17,EDLS,https://aip.aero/de/en/vfr/?EDLS,ok,Stadtlohn-Vreden EDLS,51.9958,6.8407,51.995834,6.840556,0.006,157,157,0,1240,1240,0,No,"Super PLUS, AVGAS, Jet A-1",AVGAS 100LL: 2.79 EUR/l,,AFIS 129.875 · INFO 119.205,Yes,
2026-08-17,EDMA,https://aip.aero/de/en/vfr/?EDMA,ok,Augsburg EDMA,48.4252,10.9318,48.425278,10.931667,0.007,1515,1516,1,1280,1594,314,No,"AVGAS, Jet A-1",,Mon/Tue/Wed/Thu/Fri/Sat 06:00–20:00 UTC,AFIS 120.65 · ATIS 119.665 · RDR 128.25 · TWR 124.98 · VDF 124.98,Yes,
2026-08-17,EDMB,https://aip.aero/de/en/vfr/?EDMB,ok,Biberach a. d. Riss EDMB,48.111,9.762833,48.112359,9.764013,0.094,1903,1903,0,980,1315,335,No,"Super PLUS, AVGAS, Jet A-1",AVGAS 100LL: 2.94 EUR/l; Jet A-1: 3.03 EUR/l; MOGAS (car petrol): 2.35 EUR/l,,AFIS 126.95 · INFO 120.535,Yes,
2026-08-17,EDME,https://aip.aero/de/en/vfr/?EDME,ok,Eggenfelden EDME,48.3961667,12.7236667,48.396111,12.723611,0.004,1342,1342,0,1160,1160,0,No,"Super PLUS, AVGAS, Jet A-1",AVGAS 100LL: 3.14 EUR/l; Jet A-1: 3.18 EUR/l; MOGAS (car petrol): 2.81 EUR/l,,AFIS 120.65 · ATIS 125.08 · INFO 120.305,Yes,
2026-08-17,EDML,https://aip.aero/de/en/vfr/?EDML,ok,Landshut EDML,48.511665,12.033333,48.512019,12.034865,0.065,1312,1312,0,900,900,0,No,"Super PLUS, AVGAS, Jet A-1",AVGAS 100LL: 2.98 EUR/l; Jet A-1: 2.95 EUR/l; MOGAS (car petrol): 2.69 EUR/l,,AFIS 120.65 · INFO 129.805,Yes,
2026-08-17,EDMV,https://aip.aero/de/en/vfr/?EDMV,ok,Vilshofen EDMV,48.6351667,13.1956667,48.634998,13.195556,0.011,991,991,0,1138,1138,0,No,"AVGAS, Jet A-1",,,AFIS 120.65 · INFO 119.18,Yes,
2026-08-17,EDNH,https://aip.aero/de/en/vfr/?EDNH,ok,Bad Woerishofen-Nord EDNH,48.016124,10.615025,48.016124,10.615025,0.000,2034,2034,0,805,,,No,"Super PLUS, AVGAS",,,AFIS 126.95 · INFO 122.605,,
2026-08-17,EDNL,https://aip.aero/de/en/vfr/?EDNL,ok,Leutkirch-Unterzeil EDNL,47.8588333,10.0143333,47.858891,10.014167,0.008,2205,2100,-105,960,1020,60,No,"Super PLUS, AVGAS, Jet A-1",,,AFIS 126.95 · INFO 122.88,Yes,
2026-08-17,EDPA,https://aip.aero/de/en/vfr/?EDPA,ok,Aalen-Heidenheim/Elchingen EDPA,48.7778,10.2647,48.777779,10.264722,0.002,1916,1916,0,1000,950,-50,No,"Super PLUS, AVGAS, Jet A-1, Diesel",AVGAS 100LL: 2.785 EUR/l; Jet A-1: 2.68 EUR/l; MOGAS (car petrol): 2.49 EUR/l,,AFIS 128.95 · INFO 122.405,Yes,
2026-08-17,EDQA,https://aip.aero/de/en/vfr/?EDQA,ok,Bamberg-Breitenau EDQA,49.92,10.9142,49.920403,10.914233,0.024,811,811,0,1104,1104,0,Yes,"AVGAS, Jet A-1",AVGAS 100LL: 3.21 EUR/l; Jet A-1: 3.33 EUR/l,,AFIS 125.8 · ATIS 124.13 · INFO 123.44,,
2026-08-17,EDQH,https://aip.aero/de/en/vfr/?EDQH,ok,Herzogenaurach EDQH,49.5825,10.878056,49.582708,10.878339,0.017,1070,1070,0,700,700,0,No,"Super PLUS, AVGAS, Jet A-1",AVGAS 100LL: 2.82 EUR/l; Jet A-1: 3.17 EUR/l; MOGAS (car petrol): 2.42 EUR/l,,AFIS 120.65 · INFO 134.555,Yes,
2026-08-17,EDRK,https://aip.aero/de/en/vfr/?EDRK,ok,Koblenz-Winningen EDRK,50.3256,7.5286,50.325558,7.528611,0.003,640,640,0,1175,1175,0,No,"Super PLUS, AVGAS, Jet A-1",AVGAS 100LL: 3.14 EUR/l; Jet A-1: 3.18 EUR/l; MOGAS (car petrol): 2.81 EUR/l,,FIS 123.525 · RADAR 125.6 · RADIO 122.655,Yes,
2026-08-17,EDRY,https://aip.aero/de/en/vfr/?EDRY,ok,Speyer EDRY,49.304722,8.451389,49.304722,8.451389,0.000,312,312,0,1677,1677,0,No,"Super PLUS, AVGAS, Jet A-1",AVGAS 100LL: 3.34 EUR/l; Jet A-1: 3.05 EUR/l; MOGAS (car petrol): 2.89 EUR/l,Sat 06:00–19:00 UTC,AFIS 128.95 · RADIO 118.08,No,
2026-08-17,EDTD,https://aip.aero/de/en/vfr/?EDTD,ok,Donaueschingen-Villingen EDTD,47.9735194,8.5221111,47.973331,8.522222,0.012,2231,2231,0,1290,1290,0,No,"AVGAS, Jet A-1",AVGAS 100LL: 3.14 EUR/l; Jet A-1: 3.18 EUR/l,,AFIS 120.7 · FIS 126.69,Yes,
2026-08-17,EDTF,https://aip.aero/de/en/vfr/?EDTF,ok,Freiburg i. Br. EDTF,48.0228,7.8325,48.022778,7.8325,0.001,799,801,2,1338,1338,0,No,,MOGAS (car petrol): 2.35 EUR/l,,AFIS 128.95 · INFO 118.255,Yes,
2026-08-17,EDTG,https://aip.aero/de/en/vfr/?EDTG,ok,Bremgarten EDTG,47.903167,7.617833,47.903186,7.617416,0.017,695,696,1,1650,1650,0,No,"Super PLUS, AVGAS, Jet A-1",AVGAS 100LL: 2.99 EUR/l; Jet A-1: 2.49 EUR/l; MOGAS (car petrol): 2.36 EUR/l,,AFIS 128.95 · INFO 124.03,Yes,
2026-08-17,EDTM,https://aip.aero/de/en/vfr/?EDTM,ok,Mengen-Hohentengen EDTM,48.053889,9.372778,48.05389,9.372778,0.000,1818,1818,0,1566,700,-866,No,"Super PLUS, AVGAS, Jet A-1",AVGAS 100LL: 3.14 EUR/l; Jet A-1: 3.18 EUR/l; MOGAS (car petrol): 2.81 EUR/l,Mon/Tue/Wed/Thu/Fri/Sat/Sun 04:30–08:00 UTC,AFIS 124.7 · INFO 135.18,Yes,
2026-08-17,EDTS,https://aip.aero/de/en/vfr/?EDTS,ok,Schwenningen Am Neckar EDTS,48.065556,8.571389,48.065834,8.571389,0.017,2169,2169,0,804,570,-234,No,"Super PLUS, AVGAS, Jet A-1",AVGAS 100LL: 3.14 EUR/l; Jet A-1: 3.18 EUR/l; MOGAS (car petrol): 2.81 EUR/l,,AFIS 124.7 · FIS 126.69 · INFO 127.535,Yes,
2026-08-17,EDTY,https://aip.aero/de/en/vfr/?EDTY,ok,Schwaebisch Hall (EDTY)/-Weckrieden (EDTX) EDTY,49.1183,9.784,49.118332,9.783889,0.005,1300,1299,-1,1540,1540,0,No,"AVGAS, Jet A-1",AVGAS 100LL: 3.01 EUR/l; Jet A-1: 3.44 EUR/l,Sat/Sun 07:00–18:00 UTC,AFIS 129.23 · ATIS 133.88 · INFO 128.95 · RDR 125.05,Yes,
2026-08-17,EDTZ,https://aip.aero/de/en/vfr/?EDTZ,ok,Konstanz EDTZ,47.6803,9.195,47.681435,9.139258,2.254,1302,1302,0,1000,1000,0,No,AVGAS,AVGAS 100LL: 3.14 EUR/l,,AFIS 124.7 · INFO 124.355,Yes,
2026-08-17,EDVE,https://aip.aero/de/en/vfr/?EDVE,ok,Braunschweig-Wolfsburg EDVE,52.319361,10.558889,52.319199,10.5561,0.103,296,295,-1,2300,2300,0,No,"AVGAS, Jet A-1",AVGAS 100LL: 3.38 EUR/l; Jet A-1: 3.09 EUR/l; AVGAS UL91: 3.25 EUR/l,Sat/Sun 17:00–08:00 UTC,AFIS 119.825 · ATIS 134.455 · TWR 120.05,Yes,
2026-08-17,EDVI,https://aip.aero/de/en/vfr/?EDVI,ok,Hoexter-Holzminden EDVI,51.8063,9.3783,51.806667,9.378333,0.022,934,934,0,814,814,0,No,"Super PLUS, AVGAS, Jet A-1",AVGAS 100LL: 2.49 EUR/l; Jet A-1: 2.69 EUR/l; MOGAS (car petrol): 2.69 EUR/l,,AFIS 119.825 · INFO 130.28,Yes,
2026-08-17,EDVK,https://aip.aero/de/en/vfr/?EDVK,ok,Kassel-Calden EDVK,51.4208,9.3922,51.418395,9.391638,0.146,860,820,-40,2500,2500,0,No,"AVGAS, Jet A-1",AVGAS 100LL: 3.14 EUR/l; Jet A-1: 2.88 EUR/l,,AFIS 119.825 · ATIS 129.205 · GND 121.905 · RDR 123.925 · TWR 118.105,Yes,
2026-08-17,EDVM,https://aip.aero/de/en/vfr/?EDVM,ok,Hildesheim EDVM,52.179819,9.945803,52.179819,9.945803,0.000,293,292,-1,1220,1220,0,No,"Super PLUS, AVGAS, Jet A-1, Diesel",AVGAS 100LL: 2.59 EUR/l; Jet A-1: 2.59 EUR/l; MOGAS (car petrol): 2.55 EUR/l,,AFIS 119.825 · INFO 118.31,Yes,
2026-08-17,EDWC,https://aip.aero/de/en/vfr/?EDWC,ok,Damme EDWC,52.4875,8.186,52.487558,8.185151,0.031,151,151,0,700,700,0,No,"Super PLUS, AVGAS, Jet A-1",AVGAS 100LL: 2.59 EUR/l; Jet A-1: 2.69 EUR/l; MOGAS (car petrol): 2.49 EUR/l,,AFIS 129.875 · INFO 133.305,Yes,
2026-08-17,EDWF,https://aip.aero/de/en/vfr/?EDWF,ok,Leer-Papenburg EDWF,53.2717,7.4423,53.271942,7.441667,0.027,3,3,0,1200,1200,0,No,,AVGAS 100LL: 2.69 EUR/l; Jet A-1: 2.89 EUR/l; MOGAS (car petrol): 2.69 EUR/l,,AFIS 128.525 · INFO 130.76,Yes,
2026-08-17,EDWG,https://aip.aero/de/en/vfr/?EDWG,ok,Wangerooge EDWG,53.7825,7.9139,53.782544,7.919584,0.202,7,7,0,850,850,0,No,,,,AFIS 128.525 · INFO 122.405,Yes,
2026-08-17,EDWI,https://aip.aero/de/en/vfr/?EDWI,ok,"Wilhelmshaven ""JadeWeserAirport"" EDWI",53.5048,8.0533,53.50222,8.052222,0.160,19,19,0,1459,1459,0,No,"Super PLUS, AVGAS, Jet A-1",AVGAS 100LL: 2.73 EUR/l; Jet A-1: 2.90 EUR/l; MOGAS (car petrol): 2.57 EUR/l,,AFIS 128.525 · FIS 129.255,Yes,
2026-08-17,EDWJ,https://aip.aero/de/en/vfr/?EDWJ,ok,Juist EDWJ,53.6811,7.0558,53.681421,7.056398,0.029,8,7,-1,700,700,0,No,,,,AFIS 128.525 · INFO 120.505,,
2026-08-17,EDWL,https://aip.aero/de/en/vfr/?EDWL,ok,Langeoog EDWL,53.7425,7.4983,53.742379,7.496345,0.070,7,7,0,600,600,0,No,,,,AFIS 128.525 · INFO 122.03,,
2026-08-17,EDWR,https://aip.aero/de/en/vfr/?EDWR,ok,Borkum EDWR,53.5964,6.7092,53.59639,6.709167,0.001,3,3,0,1000,1000,0,No,,AVGAS 100LL: 3.09 EUR/l,,AFIS 128.525 · INFO 121.21,,
2026-08-17,EDWY,https://aip.aero/de/en/vfr/?EDWY,ok,Norderney EDWY,53.7069,7.23,53.706944,7.23,0.003,6,7,1,1000,1000,0,No,,,,AFIS 128.525 · INFO 122.605,Yes,
2026-08-17,EDXB,https://aip.aero/de/en/vfr/?EDXB,ok,Heide-Buesum EDXB,54.153333,8.901667,54.153332,8.901667,0.000,7,7,0,720,720,0,No,"Super PLUS, AVGAS",,,AFIS 125.1 · INFO 125.86,Yes,
2026-08-17,EDXE,https://aip.aero/de/en/vfr/?EDXE,ok,Rheine-Eschendorf EDXE,52.276389,7.492778,52.276389,7.492778,0.000,131,131,0,920,,,No,"Super PLUS, AVGAS",AVGAS 100LL: 2.65 EUR/l; MOGAS (car petrol): 2.45 EUR/l,,AFIS 129.875 · INFO 126.685,Yes,
2026-08-17,EDXF,https://aip.aero/de/en/vfr/?EDXF,ok,Flensburg-Schaeferhaus EDXF,54.773333,9.378833,54.773335,9.378889,0.002,130,131,1,1220,1220,0,Yes,"AVGAS, Jet A-1",AVGAS 100LL: 2.79 EUR/l; Jet A-1: 2.76 EUR/l,,AFIS 125.1 · INFO 122.855,Yes,
2026-08-17,EDXH,https://aip.aero/de/en/vfr/?EDXH,ok,Helgoland-Duene EDXH,54.1853,7.9158,54.18528,7.915833,0.002,8,8,0,480,480,0,No,,,,AFIS 128.525 · INFO 122.455,Yes,
2026-08-17,EDXO,https://aip.aero/de/en/vfr/?EDXO,ok,St. Peter-Ording EDXO,54.3086,8.6867,54.308887,8.686944,0.019,5,7,2,670,670,0,No,"AVGAS, Jet A-1",AVGAS 100LL: 3.08 EUR/l; Jet A-1: 3.41 EUR/l,,AFIS 125.1 · INFO 129.78,Yes,
2026-08-17,EDXW,https://aip.aero/de/en/vfr/?EDXW,ok,Sylt EDXW,54.9132,8.3405,54.9132,8.34047,0.001,52,51,-1,2120,2120,0,No,"AVGAS, Jet A-1",AVGAS 100LL: 3.13 EUR/l; Jet A-1: 3.21 EUR/l,,AFIS 125.1 · ATIS 118.4 · INFO 119.75 · RDR 136.225 · TWR 119.75,,
2026-08-17,EDXY,https://aip.aero/de/en/vfr/?EDXY,ok,Wyk auf Foehr EDXY,54.6847,8.5286,54.684444,8.528333,0.018,26,26,0,660,660,0,No,,,,AFIS 125.1 · INFO 118.255,,
2026-08-17,EGHA,https://aip.aero/uk/vfr/?EGHA,ok,COMPTON ABBAS EGHA,50.9672,-2.1536,50.967201,-2.15361,0.000,811,811,0,803,799,-4,No,,,,A/G 122.7,,
2026-08-17,EGHC,https://aip.aero/uk/vfr/?EGHC,ok,LAND'S END EGHC,50.1028,-5.6706,50.102798,-5.67056,0.002,398,398,0,784,784,0,No,,,Mon/Tue/Wed/Thu/Fri 08:10–17:30 UTC; Sat 08:10–12:45 UTC,A/G 130.7 · RAD/APP 130.7 · TWR 130.7,,
2026-08-17,EGHE,https://aip.aero/uk/vfr/?EGHE,ok,SCILLY ISLES/ST MARY'S EGHE,49.9133,-6.2917,49.913375,-6.291894,0.009,121,116,-5,694,694,0,,,,Mon/Tue/Wed/Thu/Fri/Sat 08:15–12:15 UTC,RAD/APP 123.15 · TWR 123.15,,
2026-08-17,EGHF,https://aip.aero/uk/vfr/?EGHF,ok,LEE-ON-SOLENT EGHF,50.815,-1.206,50.814201,-1.20333,0.112,32,32,0,1325,1029,-296,No,,,Mon/Tue/Wed/Thu/Fri/Sat/Sun 09:00–18:00 UTC,INFO 118.93,,
2026-08-17,EGHJ,https://aip.aero/uk/vfr/?EGHJ,not_listed,,50.6778,-1.1114,,,,52,,,827,,,,,,,,,Airport JSON-LD missing
2026-08-17,EGHN,https://aip.aero/uk/vfr/?EGHN,not_listed,,50.6531,-1.1817,,,,55,,,884,,,,,,,,,Airport JSON-LD missing
2026-08-17,EGHQ,https://aip.aero/uk/vfr/?EGHQ,ok,NEWQUAY EGHQ,50.4408,-4.9953,50.440601,-4.99541,0.013,390,390,0,2744,2744,0,No,,,Mon/Tue/Wed/Thu/Fri/Sat 06:45–21:30 UTC; Sun 07:00–21:30 UTC,APP 133.4 · ATIS 127.4 · DIR 125.55 · GND 121.95 · OPS 131.8 · RADAR 127.925 · TWR 134.375,,
2026-08-17,EGHR,https://aip.aero/uk/vfr/?EGHR,ok,CHICHESTER/GOODWOOD EGHR,50.8592,-0.7592,50.859832,-0.760073,0.050,111,98,-13,1262,1262,0,No,,,Mon/Tue/Wed/Thu/Fri/Sat/Sun 10:00–16:00 UTC,AFIS 122.455,,
2026-08-17,EGJA,https://aip.aero/uk/vfr/?EGJA,ok,ALDERNEY EGJA,49.7061,-2.2147,49.706666666667,-2.2144444444444,0.035,290,289,-1,877,877,0,No,,,Mon/Tue/Wed/Thu/Fri/Sat 07:35–18:30 UTC,ALDERNEY TOWER 125.355 · GUERNSEY APPROACH 128.655 · ALDERNEY GROUND 130.505,,
2026-08-17,EGJB,https://aip.aero/uk/vfr/?EGJB,ok,GUERNSEY EGJB,49.435,-2.6019,49.435,-2.6027777777778,0.034,336,335,-1,1583,1583,0,No,,,Mon/Tue/Wed/Thu/Fri/Sat/Sun 06:30–21:00 UTC,GUERNSEY GROUND 121.805 · GUERNSEY TOWER 119.955 · GUERNSEY APPROACH 128.655 · GUERNSEY RADAR 124.505 · GUERNSEY INFO 109.400,,
2026-08-17,EGJJ,https://aip.aero/uk/vfr/?EGJJ,ok,JERSEY EGJJ,49.2079,-2.1953,49.208055555556,-2.1955555555556,0.014,277,276,-1,1705,1706,1,No,,,Mon/Tue/Wed/Thu/Fri/Sat/Sun 07:00–21:00 UTC,JERSEY TOWER 119.455 · JERSEY GROUND 121.905 · JERSEY INFORMATION 134.680,,
2026-08-17,EGKA,https://aip.aero/uk/vfr/?EGKA,ok,SHOREHAM EGKA,50.8356,-0.2972,50.835602,-0.297222,0.001,7,7,0,1032,1032,0,Yes,,AVGAS 100LL: 1.99 GBP/l; Jet A-1: 1.07 GBP/l,Mon/Tue/Wed/Thu/Fri 08:00–20:00 UTC; Sat 09:00–20:00 UTC; Sun 09:00–19:00 UTC,A/G 123.155 · APP 123.155 · ATIS 130.975 · TWR 125.405,,
2026-08-17,EGKH,https://aip.aero/uk/vfr/?EGKH,ok,LASHENDEN/HEADCORN EGKH,51.1569,0.6417,51.156898,0.641667,0.001,72,72,0,1250,1250,0,No,,,Mon/Tue/Wed/Thu/Fri/Sat/Sun 09:00–19:00 UTC,A/G 122,,
2026-08-17,EGMD,https://aip.aero/uk/vfr/?EGMD,ok,LYDD EGMD,50.9561,0.9392,50.956246,0.939074,0.010,13,13,0,1505,1505,0,No,,,Mon/Tue/Wed/Thu/Fri/Sat/Sun 08:30–19:00 UTC,APP 120.7 · ATIS 129.225 · TWR 128.525,,
2026-08-17,EHAL,https://aip.aero/nl/en/vfr/?EHAL,ok,AMELAND EHAL,53.4517,5.6772,53.453612,5.678396,0.123,11,11,0,800,890,90,No,,,Mon/Tue/Wed/Thu/Fri/Sat/Sun 07:30–17:00 UTC,FIS 132.35 · RADIO 118.355,,
2026-08-17,EHHV,https://aip.aero/nl/en/vfr/?EHHV,ok,HILVERSUM EHHV,52.191944,5.146944,52.191898,5.14694,0.003,3,3,0,700,700,0,No,,,Mon/Tue/Wed/Thu/Fri/Sat/Sun 07:00–19:00 UTC,INFO 131.03,,
2026-08-17,EHLE,https://aip.aero/nl/en/vfr/?EHLE,ok,LELYSTAD EHLE,52.453333,5.513889,52.453188,5.514622,0.028,-12,-13,-1,2700,2700,0,No,"AVGAS, Jet A-1, AVGAS UL91",AVGAS 100LL: 3.47 EUR/l; Jet A-1: 2.95 EUR/l; AVGAS UL91: 3.09 EUR/l,Mon/Tue/Wed/Thu/Fri/Sat/Sun 06:00–21:00 UTC,ATIS 120.73 · FIS 132.35 · GND 123.68 · TWR 135.18,,
2026-08-17,EHMZ,https://aip.aero/nl/en/vfr/?EHMZ,ok,MIDDELBURG/MIDDEN-ZEELAND EHMZ,51.5122,3.7311,51.512199,3.73111,0.000,6,6,0,1000,1000,0,No,"Super PLUS, AVGAS, Jet A-1",,Mon/Tue/Wed/Thu/Fri/Sat/Sun 08:00–19:00 UTC,INFO 119.255,No,
2026-08-17,EHTX,https://aip.aero/nl/en/vfr/?EHTX,ok,AD 2.2 EHTX,53.1147,4.8339,53.114962,4.830552,0.122,2,2,0,1109,1109,0,No,,AVGAS 100LL: 3.30 EUR/l; Jet A-1: 2.89 EUR/l; MOGAS (car petrol): 3.00 EUR/l,Mon/Tue/Wed/Thu/Fri/Sat 08:00–18:00 UTC,FIS 132.35 · INFO 119.305,,
2026-08-17,EKAE,https://aip.aero/dk/en/vfr/?EKAE,ok,Ærø EKAE,54.8536,10.3392,54.852798,10.4564,4.051,-3,3,6,789,789,0,No,AVGAS,,,ÆRØ RADIO 123.175,,
2026-08-17,EKRN,https://aip.aero/dk/en/vfr/?EKRN,ok,Bornholm Rønne EKRN,55.0633,14.7595,55.063301,14.7596,0.003,52,52,0,2002,2002,0,No,Jet A-1,,Mon/Tue/Wed/Thu/Fri 05:00–21:45 UTC; Sat 07:00–15:00 UTC; Sun 07:00–21:45 UTC,APP/TWR 118.325 · MISC 131.55,,
2026-08-17,EKSB,https://aip.aero/dk/en/vfr/?EKSB,ok,Sønderborg EKSB,54.9644,9.7917,54.96440124511719,9.791729927062988,0.001,24,24,0,1795,1797,2,No,Jet A-1,,Mon/Tue/Wed/Thu/Fri 06:00–21:45 UTC; Sat 06:30–16:00 UTC; Sun 14:00–19:15 UTC,AFIS 126.4,,
2026-08-17,EKSS,https://aip.aero/dk/en/vfr/?EKSS,ok,Samsø EKSS,55.8892,10.6139,55.889073,10.613766,0.009,0,1,1,695,695,0,No,,,Mon/Tue/Wed/Thu/Fri/Sat/Sun 06:00–21:00 UTC,RDO 123.5,,
2026-08-17,EKVJ,https://aip.aero/dk/en/vfr/?EKVJ,ok,Stauning EKVJ,55.9903,8.3539,55.990101,8.35391,0.012,17,17,0,1450,1450,0,No,"AVGAS, Jet A-1",,Mon/Tue/Wed/Thu/Fri 07:00–21:00 UTC; Sun 09:00–21:00 UTC,AFIS 121.4,,
2026-08-17,EPJA,https://aip.aero/pl/en/vfr/?EPJA,not_listed,,54.6981,18.6717,,,,3,,,600,,,,,,,,,Airport JSON-LD missing
2026-08-17,ESMH,https://aip.aero/se/en/vfr/?ESMH,not_listed,,56.2078,12.5789,,,,21,,,800,,,,,,,,,Airport JSON-LD missing
2026-08-17,ETHN,https://aip.aero/de/en/vfr/?ETHN,ok,Niederstetten ETHN,49.391878,9.958185,49.39162,9.956747,0.058,1536,1536,0,1311,1012,-299,,,,,INFO 119.78 · TWR 122.1,Yes,
2026-08-17,ETSI,https://aip.aero/de/en/vfr/?ETSI,ok,Ingolstadt/Manching ETSI,48.7157,11.5337,48.7156982421875,11.534000396728516,0.012,1203,1202,-1,2940,2940,0,No,"AVGAS, Jet A-1",AVGAS 100LL: 2.90 EUR/l,,AFIS 120.65 · ATIS 118.865 · VOLMET 135.78,,
2026-08-17,LDLO,https://aip.aero/hr/en/vfr/?LDLO,ok,Lošinj Airport LDLO,44.5658,14.4711,44.566985,14.393883,3.304,154,151,-3,900,900,0,No,,,,LOSINJ TOWER/RADIO 120.300,,
2026-08-17,LDPV,https://aip.aero/hr/en/vfr/?LDPV,ok,Vrsar Crljenka Airfield LDPV,45.1467,13.6383,45.141701,13.6306,0.443,139,121,-18,701,,,No,,,,VRSAR RADIO 126.650,,
2026-08-17,LDRI,https://aip.aero/hr/en/vfr/?LDRI,ok,Rijeka Airport LDRI,45.2169,14.5703,45.216376,14.57085,0.039,278,278,0,2500,2488,-12,No,,,,APP 119 · TWR 119,,
2026-08-17,LFAT,https://aip.aero/fr/en/aeroports/?LFAT,ok,LE TOUQUET ELIZABETH II LFAT,50.5174,1.6206,50.518284,1.621656,0.067,21,36,15,1850,1850,0,No,"AVGAS, Jet A-1",,Mon/Tue/Wed/Thu/Fri/Sat/Sun 08:00–18:00 UTC,APP 120.275 · ATIS 123.125 · GND 125.3 · TWR 118.45,,
2026-08-17,LFGA,https://aip.aero/fr/en/aeroports/?LFGA,ok,COLMAR HOUSSEN LFGA,48.11,7.3592,48.109901,7.35901,0.010,627,628,1,1610,1610,0,No,"AVGAS, Jet A-1",,Mon/Tue/Wed/Thu/Fri 07:00–11:00 UTC,ATIS 126.135,,
2026-08-17,LFKB,https://aip.aero/fr/en/aeroports/?LFKB,ok,BASTIA PORETTA LFKB,42.5528,9.4839,42.5527,9.48373,0.010,26,26,0,2520,2519,-1,No,"AVGAS, Jet A-1",,,AFIS 124.725 · APP 123.825 · ATIS 125.925 · GND 121.825 · TWR 118,,
2026-08-17,LFKF,https://aip.aero/fr/en/aeroports/?LFKF,ok,FIGARI SUD CORSE LFKF,41.5006,9.0978,41.50185,9.097092,0.082,85,85,0,2480,2480,0,No,"AVGAS, Jet A-1",,,ATIS 118.725 · GND 121.8 · TWR 120.3,,
2026-08-17,LFKJ,https://aip.aero/fr/en/aeroports/?LFKJ,ok,AJACCIO NAPOLEON BONAPARTE LFKJ,41.9236,8.8029,41.923599,8.80292,0.001,19,18,-1,2407,2407,0,No,"AVGAS, Jet A-1",,Mon/Tue/Wed/Thu/Fri/Sat/Sun 03:00–22:00 UTC,AFIS 119.825 · APP 121.05 · ATIS 126.925 · GND 121.7 · TWR 118.075,,
2026-08-17,LFLP,https://aip.aero/fr/en/aeroports/?LFLP,ok,ANNECY MEYTHET LFLP,45.9294,6.1064,45.928947,6.0987,0.323,1516,1521,5,1630,1630,0,No,"AVGAS, Jet A-1",,Mon/Tue/Wed/Thu/Fri/Sat/Sun 07:00–18:00 UTC,AFIS 118.2 · APP 123.7 · TWR 118.2,,
2026-08-17,LFMD,https://aip.aero/fr/en/aeroports/?LFMD,ok,CANNES MANDELIEU LFMD,43.542,6.9535,43.547998,6.955176,0.367,14,13,-1,1540,1540,0,No,Jet A-1,,,ATIS 127.475 · GND 121.8 · TWR 118.625,,
2026-08-17,LFMP,https://aip.aero/fr/en/aeroports/?LFMP,ok,PERPIGNAN RIVESALTES LFMP,42.7404,2.8707,42.740398,2.87067,0.001,144,144,0,2500,2500,0,No,"AVGAS, Jet A-1, AVGAS UL91",,Mon/Tue/Wed/Thu/Fri 03:30–21:00 UTC,APP 120.75 · ATIS 127.875 · TWR 121.9,,
2026-08-17,LFMU,https://aip.aero/fr/en/aeroports/?LFMU,ok,BEZIERS VIAS LFMU,43.3235,3.354,43.323502,3.3539,0.004,56,56,0,1820,1820,0,No,"AVGAS, Jet A-1",,,APP 130.85 · ATIS 127.525 · TWR 120.175,,
2026-08-17,LFRD,https://aip.aero/fr/en/aeroports/?LFRD,ok,DINARD PLEURTUIT SAINT MALO LFRD,48.5878,-2.08,48.5877,-2.07996,0.006,219,219,0,2200,2200,0,No,"AVGAS, Jet A-1",,,ATIS 124.575 · TWR 120.15,,
2026-08-17,LFRF,https://aip.aero/fr/en/aeroports/?LFRF,not_listed,,48.8831,-1.5642,,,,45,,,960,,,,,,,,,Airport JSON-LD missing
2026-08-17,LFRG,https://aip.aero/fr/en/aeroports/?LFRG,ok,DEAUVILLE NORMANDIE LFRG,49.3653,0.1542,49.365237,0.154481,0.012,479,479,0,2550,2550,0,No,"AVGAS, Jet A-1",,Mon/Tue/Wed/Thu/Fri/Sat/Sun 08:00–18:00 UTC,APP 120.35 · ATIS 136.15 · INFO 119.825 · TWR 118.3,,
2026-08-17,LFTH,https://aip.aero/fr/en/military/?LFTH,ok,HYERES LE PALYVESTRE LFTH,43.0973,6.146,43.097301,6.14603,0.001,13,7,-6,2120,2120,0,No,,,Mon/Tue/Wed/Thu/Fri 08:00–16:00 UTC,APP 118.825 · ATIS 129.65 · GND 121.8 · TWR 121,,
2026-08-17,LIDT,https://aip.aero/it/en/vfr/?LIDT,ok,Trento-Mattarello Airport LIDT,46.0214,11.1242,46.023333,11.125,0.121,610,610,0,1130,1130,0,No,,,,AFIS 119.655 · FIS 124.15,,
2026-08-17,LIEA,https://aip.aero/it/en/vfr/?LIEA,ok,Alghero-Fertilia Airport LIEA,40.6321,8.2907,40.632099,8.29077,0.003,87,87,0,3000,3000,0,No,,,,APP 128.55 · ATIS 125.025 · TWR 118.85,,
2026-08-17,LIEE,https://aip.aero/it/en/vfr/?LIEE,ok,Cagliari Elmas Airport LIEE,39.2515,9.0543,39.251499,9.05428,0.001,13,13,0,2803,2803,0,No,,,,APP 118.75 · GND 125.425 · MISC 123.1 · TWR 120.6,,
2026-08-17,LIEO,https://aip.aero/it/en/vfr/?LIEO,ok,Olbia Costa Smeralda Airport LIEO,40.8987,9.5176,40.898953,9.518457,0.042,37,37,0,2745,2745,0,No,,,,APP 125.95 · ATIS 113.9 · TWR 118.975,,
2026-08-17,LILQ,https://aip.aero/it/en/vfr/?LILQ,ok,Massa Cinquale Municipal Airfield LILQ,43.9825,10.14,43.98598,10.143785,0.265,13,13,0,720,710,-10,No,,,,RDO 120.355,,
2026-08-17,LIMW,https://aip.aero/it/en/vfr/?LIMW,ok,Aosta Corrado Gex Airport LIMW,45.7385,7.3687,45.738552,7.3683,0.017,1791,1791,0,1246,1246,0,No,,,,AFIS 119.95,,
2026-08-17,LIPB,https://aip.aero/it/en/vfr/?LIPB,ok,Bolzano Airport LIPB,46.4602,11.3264,46.459245,11.326125,0.058,787,789,2,1740,1740,0,No,"AVGAS, Jet A-1",,,AFIS 120.6,,
2026-08-17,LIPV,https://aip.aero/it/en/vfr/?LIPV,ok,Venice-Lido Giovanni Nicelli Airfield LIPV,45.4281,12.3897,45.428779,12.388733,0.058,13,15,2,994,994,0,No,"AVGAS, Jet A-1",,,TWR 118.525,,
2026-08-17,LIRJ,https://aip.aero/it/en/vfr/?LIRJ,ok,Marina di Campo Airport LIRJ,42.7603,10.2394,42.760871,10.239811,0.039,26,31,5,949,949,0,No,,,,AFIS 123.7,,
2026-08-17,LJBL,https://aip.aero/si/en/vfr/?LJBL,ok,LESCE/BLED LJBL,46.3575,14.1739,46.357201,14.1739,0.018,1654,1654,0,1130,1130,0,No,,,,ATF 122.505,,
2026-08-17,LJBO,https://aip.aero/si/en/vfr/?LJBO,ok,BOVEC LJBO,46.3283,13.5514,46.329017,13.550231,0.065,1417,1417,0,850,850,0,No,,,,RDO 123.505,,
2026-08-17,LJMB,https://aip.aero/si/en/vfr/?LJMB,ok,MARIBOR/OREHOVA VAS LJMB,46.4797,15.6861,46.4799,15.6861,0.012,876,876,0,2500,2500,0,No,,,,A/D 119.2 · TWR 119.2,,
2026-08-17,LJPZ,https://aip.aero/si/en/vfr/?LJPZ,ok,PORTOROZ/SECOVLJE LJPZ,45.4734,13.615,45.47201,13.615951,0.093,7,7,0,1200,1201,1,No,"AVGAS, Jet A-1",,,APP 124.875 · ATC CTR App/Twr 124.88,,
2026-08-17,LKKV,https://aip.aero/cz/en/vfr/?LKKV,ok,Karlovy Vary LKKV,50.2029,12.915,50.202999,12.915,0.006,1989,1989,0,2150,2150,0,No,"AVGAS, Jet A-1",,,AFIS 121.225 · ATIS 118.955 · RDR 119.955 · TWR 121.23,,
2026-08-17,LOAN,https://aip.aero/at/en/vfr/?LOAN,ok,Wr. Neustadt/Ost LOAN,47.843333,16.260333,47.8433,16.260099,0.010,896,896,0,1067,1067,0,,,AVGAS 100LL: 3.10 EUR/l; Jet A-1: 2.81 EUR/l; MOGAS (car petrol): 2.70 EUR/l,,A/D 130.005 · AFIS 122.65 · INFO 118.52,,
2026-08-17,LOGM,https://aip.aero/at/en/vfr/?LOGM,ok,Mariazell LOGM,47.7961,15.3072,47.789733,15.300333,0.472,2820,2822,2,500,500,0,No,,,,TWR 122.105,,
2026-08-17,LOGO,https://aip.aero/at/en/vfr/?LOGO,ok,Niederöblarn LOGO,47.4767,14.0083,47.478742,14.007101,0.132,2142,2142,0,730,730,0,,,,,Radio/TWR 122.705,,
2026-08-17,LOIH,https://aip.aero/at/en/vfr/?LOIH,ok,Hohenems-Dornbirn LOIH,47.385,9.7,47.384477,9.699776,0.033,1352,1352,0,630,630,0,No,"Super PLUS, AVGAS, Jet A-1",AVGAS 100LL: 2.59 EUR/l; Jet A-1: 2.39 EUR/l; MOGAS (car petrol): 1.94 EUR/l,,INFO 121.2,,
2026-08-17,LOIJ,https://aip.aero/at/en/vfr/?LOIJ,ok,St. Johann/Tirol LOIJ,47.5203,12.4472,47.5201,12.4497,0.102,2198,2198,0,750,750,0,Yes,"Super PLUS, AVGAS",,,CTAF 120.35,,
2026-08-17,LOKL,https://aip.aero/at/en/vfr/?LOKL,ok,Lienz-Nikolsdorf LOKL,46.8425,12.8064,46.798069,12.87833,3.981,2093,2093,0,620,500,-120,Yes,"Super PLUS, AVGAS, Jet A-1",,,LIENZ RADIO 122.505,,
2026-08-17,LOLU,https://aip.aero/at/en/vfr/?LOLU,ok,Gmunden-Laakirchen LOLU,47.9331,13.8225,47.951541,13.867271,2.114,1670,1670,0,600,550,-50,No,"Super PLUS, AVGAS, Diesel",,,GMUNDEN RADIO 122.080,,
2026-08-17,LOSM,https://aip.aero/at/en/vfr/?LOSM,ok,Mauterndorf LOSM,47.1361,13.6892,47.131995,13.695867,0.367,3642,3642,0,820,820,0,No,,AVGAS 100LL: 1.00 EUR/l; MOGAS (car petrol): 1.00 EUR/l,,MAUTERNDORF RADIO 122.855,,
2026-08-17,LOWI,https://aip.aero/at/en/vfr/?LOWI,ok,Innsbruck LOWI,47.2602,11.3439,47.260201,11.344,0.004,1907,1907,0,2000,2000,0,No,,,,APP 119.275 · ATIS 126.025 · TWR 120.1,,
2026-08-17,LOWK,https://aip.aero/at/en/vfr/?LOWK,ok,Klagenfurt LOWK,46.6425,14.3377,46.642502,14.3377,0.000,1470,1472,2,2720,2720,0,No,"AVGAS, Jet A-1",,,APP/RADAR 123.325 · ATIS 126.33 · TWR 118.1,,
2026-08-17,LOWS,https://aip.aero/at/en/vfr/?LOWS,ok,Salzburg LOWS,47.7933,13.0043,47.793301,13.0043,0.000,1411,1411,0,2750,2750,0,No,,AVGAS 100LL: 3.89 EUR/l,,APP 123.725 · ATIS 125.725 · GND 121.75 · TWR 118.1,,
2026-08-17,LOWZ,https://aip.aero/at/en/vfr/?LOWZ,ok,Zell am See LOWZ,47.2925,12.7883,47.291468,12.790632,0.113,2470,2470,0,780,780,0,No,"Super PLUS, AVGAS, Jet A-1",AVGAS 100LL: 2.72 EUR/l; Jet A-1: 2.05 EUR/l; MOGAS (car petrol): 2.23 EUR/l,,Zell Radio 119.705,,
2026-08-17,LSGL,https://aip.aero/ch/en/vfr/?LSGL,ok,Lausanne la Blécherette Airport LSGL,46.5453,6.6167,46.54509,6.616629,0.013,2041,2041,0,875,875,0,No,"AVGAS, Jet A-1, AVGAS UL91",,,AD 123.205 · APCH 118.83,,
2026-08-17,LSGN,https://aip.aero/ch/en/vfr/?LSGN,ok,Neuchâtel Airfield LSGN,46.9575,6.8642,46.957371,6.864574,0.017,1427,1427,0,700,700,0,No,"AVGAS, Jet A-1",,,AFIS 123.605,,
2026-08-17,LSGR,https://aip.aero/ch/en/vfr/?LSGR,ok,Reichenbach Air Base LSGR,46.6136,7.6778,46.613602,7.67778,0.001,2372,2385,13,805,805,0,Yes,"AVGAS, Jet A-1",,,AFIS 127.705,,
2026-08-17,LSGS,https://aip.aero/ch/en/vfr/?LSGS,ok,Sion Airport LSGS,46.2196,7.3268,46.219166,7.326944,0.027,1582,1582,0,2000,2000,0,No,"AVGAS, Jet A-1, AVGAS UL91",,,A/G 134.275 · APP 126.825 · GND 121.7 · INFO 122.35 · TWR 118.275,,
2026-08-17,LSGT,https://aip.aero/ch/en/vfr/?LSGT,ok,La Gruyère  Airfield LSGT,46.5942,7.1044,46.5942,7.09444,0.411,2257,2257,0,884,884,0,Yes,"AVGAS, Jet A-1",,,AD 124.680,,
2026-08-17,LSGY,https://aip.aero/ch/en/vfr/?LSGY,ok,Yverdon-les-Bains Airfield LSGY,46.7619,6.6133,46.761871,6.613178,0.005,1421,1421,0,872,872,0,Yes,"Super PLUS, AVGAS, Jet A-1",,,AFIS 131.13 · FIS 126.35,,
2026-08-17,LSZA,https://aip.aero/ch/en/vfr/?LSZA,ok,Lugano Airport LSZA,46.0043,8.9106,46.004299,8.91058,0.001,915,915,0,1415,1415,0,No,"AVGAS, Jet A-1",,,ATIS 121.175 · GND 121.775 · TWR 120.25,,
2026-08-17,LSZB,https://aip.aero/ch/en/vfr/?LSZB,ok,Bern Airport LSZB,46.912736,7.498819,46.912736,7.498819,0.000,1671,1671,0,1730,1730,0,No,"Super PLUS, AVGAS, Jet A-1",,,A/D 127.325 · ATIS 125.13 · GND 131.41 · MISC 123.4 · OPS 135.75,,
2026-08-17,LSZC,https://aip.aero/ch/en/vfr/?LSZC,ok,Buochs Airport LSZC,46.9744,8.3969,46.974444,8.396944,0.003,1475,1475,0,2000,2000,0,No,,,,Air to Air 134.125 · ARR ALPNACH 128.475 · ARR EMMEN 120.425 · FIS 124.7 · GCA 140.65 · TWR 119.625,,
2026-08-17,LSZG,https://aip.aero/ch/en/vfr/?LSZG,ok,Grenchen Airfield LSZG,47.181599,7.41719,47.181599,7.41719,0.000,1411,1411,0,980,1000,20,No,"AVGAS, Jet A-1",,,APP 127.325 · ATIS 121.1 · GND 121.8 · TWR 120.1,,
2026-08-17,LSZL,https://aip.aero/ch/en/vfr/?LSZL,ok,Locarno Airport LSZL,46.1608,8.8786,46.162535,8.878908,0.105,650,650,0,800,800,0,No,"AVGAS, Jet A-1",,Mon/Tue/Wed/Thu/Fri 05:00–19:00 UTC,ATIS 133.455 · GND 121.7 · TWR 134.825,,
2026-08-17,LSZM,https://aip.aero/ch/en/vfr/?LSZM,ok,Mollis Airfield LSZM,47.0792,9.0648,47.078353,9.064662,0.051,1467,1485,18,1800,1800,0,Yes,"AVGAS, Jet A-1",,,AFIS 134.825 · ARR 143.775 · DEP 139.5 · INFO 138.05 · TWR 134.825,,
2026-08-17,LSZR,https://aip.aero/ch/en/vfr/?LSZR,ok,Sankt Gallen Altenrhein Airport LSZR,47.485,9.5608,47.485001,9.56077,0.001,1306,1306,0,1455,1455,0,No,"AVGAS, Jet A-1",,,ACC 133.9 · ARR 119.925 · ATIS 123.775 · FIS 124.7 · GND 121.8 · TWR 118.65,,
