schema_version,feature_id,airport_id,feature_type,status_raw,feature_name,access_mode,access_minutes,latitude_wgs84,longitude_wgs84,distance_km,walk_minutes,bicycle_minutes,car_minutes,recommended_mode,recommended_minutes,verified_target_name,source,data_checked_at
1.2,EBSP:techstop,EBSP,techstop,Nein,,,,,,,,,,,,,,2026-08-03
1.2,EBSP:breakfast,EBSP,breakfast,Nein,,,,,,,,,,,,,,2026-08-03
1.2,EBSP:city,EBSP,city,Nein,,,,,,,,,,,,,,2026-08-04
1.2,EBSP:beach,EBSP,beach,Nein,,,,,,,,,,,,,https://www.visitspa-hautesfagnes.be/en/,2026-08-03
1.2,EBSP:lake,EBSP,lake,Ja,Lac de Warfaaz,Taxi/Fahrrad,10,,,5,,,,Taxi/Fahrrad,10,Lac de Warfaaz,https://www.visitspa-hautesfagnes.be/en/,2026-08-03
1.2,EBSP:mountain,EBSP,mountain,Ja,Hohes Venn / Ardennen-Wanderwege,Taxi/Auto,20,,,18,,,,Taxi/Auto,20,Hohes Venn / Ardennen-Wanderwege,https://www.visitspa-hautesfagnes.be/en/,2026-08-03
1.2,EBSP:wellness,EBSP,wellness,Ja,Thermes de Spa,Taxi,10,,,4,,,,Taxi,10,Thermes de Spa,https://thermesdespa.com/,2026-08-03
1.2,EDAH:techstop,EDAH,techstop,Nein,,,,,,,,,,,,,,2026-08-02
1.2,EDAH:breakfast,EDAH,breakfast,Nein,,,,,,,,,,,,,,2026-08-03
1.2,EDAH:city,EDAH,city,Nein,,,,,,,,,,,,,,2026-08-04
1.2,EDAH:beach,EDAH,beach,Ja,Strandpromenade Heringsdorf,E-Roller,34,53.961999,14.160416,9.28,145,52,14,E-Roller,34,Strandpromenade Heringsdorf,https://usedom.de/,2026-08-13
1.2,EDAH:lake,EDAH,lake,Nein,,,,,,,,,,,,,https://usedom.de/,2026-08-02
1.2,EDAH:mountain,EDAH,mountain,Nein,,,,,,,,,,,,,https://usedom.de/,2026-08-02
1.2,EDAH:wellness,EDAH,wellness,Ja,"OstseeTherme Usedom, Ahlbeck",Fahrrad,40,53.945662,14.178142,7.64,119,40,12,Fahrrad,40,"OstseeTherme Usedom, Ahlbeck",https://usedom.de/,2026-08-02
1.2,EDAY:techstop,EDAY,techstop,Ja,Gute redundante Ost-Station mit Mindestversorgung.,,,,,,,,,,,Berlin-Ost-Knoten und Alternative zu Schönhagen,https://www.flugplatz-strausberg.de/flugplatz-informationen-ppr/,2026-08-03
1.2,EDAY:breakfast,EDAY,breakfast,Nein,,,,,,,,,,,,,,2026-08-03
1.2,EDAY:city,EDAY,city,Nein,,,,,,,,,,,,,,2026-08-04
1.2,EDAY:beach,EDAY,beach,Nein,,,,,,,,,,,,,,2026-08-03
1.2,EDAY:lake,EDAY,lake,Nein,,,,,,,,,,,,,,2026-08-03
1.2,EDAY:mountain,EDAY,mountain,Nein,,,,,,,,,,,,,,2026-08-03
1.2,EDAY:wellness,EDAY,wellness,Nein,,,,,,,,,,,,,,2026-08-03
1.2,EDAZ:techstop,EDAZ,techstop,Ja,Nahezu idealer professioneller Technikstopp.,,,,,,,,,,,Professioneller Berlin-/Ostdeutschland-Knoten,https://www.flugplatz-schoenhagen.aero/piloten/verkehrslandeplatz/flugplatzdaten,2026-08-03
1.2,EDAZ:breakfast,EDAZ,breakfast,Nein,,,,,,,,,,,,,,2026-08-03
1.2,EDAZ:city,EDAZ,city,Nein,,,,,,,,,,,,,,2026-08-04
1.2,EDAZ:beach,EDAZ,beach,Nein,,,,,,,,,,,,,,2026-08-03
1.2,EDAZ:lake,EDAZ,lake,Nein,,,,,,,,,,,,,,2026-08-03
1.2,EDAZ:mountain,EDAZ,mountain,Nein,,,,,,,,,,,,,,2026-08-03
1.2,EDAZ:wellness,EDAZ,wellness,Nein,,,,,,,,,,,,,,2026-08-03
1.2,EDBN:techstop,EDBN,techstop,Ja,Sehr wichtiger Nordost-Netzknoten.,,,,,,,,,,,"Nordost-Knoten für Mecklenburg-Vorpommern, Ostsee und Polen",https://www.flughafen-neubrandenburg.de/index.php?Itemid=104&id=7&option=com_content&view=article,2026-08-03
1.2,EDBN:breakfast,EDBN,breakfast,Nein,,,,,,,,,,,,,,2026-08-03
1.2,EDBN:city,EDBN,city,Nein,,,,,,,,,,,,,,2026-08-04
1.2,EDBN:beach,EDBN,beach,Nein,,,,,,,,,,,,,,2026-08-03
1.2,EDBN:lake,EDBN,lake,Nein,,,,,,,,,,,,,,2026-08-03
1.2,EDBN:mountain,EDBN,mountain,Nein,,,,,,,,,,,,,,2026-08-03
1.2,EDBN:wellness,EDBN,wellness,Nein,,,,,,,,,,,,,,2026-08-03
1.2,EDCG:techstop,EDCG,techstop,Nein,,,,,,,,,,,,,,2026-08-02
1.2,EDCG:breakfast,EDCG,breakfast,Nein,,,,,,,,,,,,,,2026-08-03
1.2,EDCG:city,EDCG,city,Nein,,,,,,,,,,,,,,2026-08-04
1.2,EDCG:beach,EDCG,beach,Nein,,,,,,,,,,,,,https://www.ruegen.de/,2026-08-13
1.2,EDCG:lake,EDCG,lake,Nein,,,,,,,,,,,,,https://www.ruegen.de/,2026-08-02
1.2,EDCG:mountain,EDCG,mountain,Nein,,,,,,,,,,,,,https://www.ruegen.de/,2026-08-02
1.2,EDCG:wellness,EDCG,wellness,Nein,,,,,,,,,,,,,https://www.ruegen.de/,2026-08-02
1.2,EDFM:techstop,EDFM,techstop,Ja,"Sehr verlässlicher Kraftstoffstopp, nicht der billigste.",,,,,,,,,,,Rhein-Neckar-Knoten für Nord-Süd- und Ost-West-Strecken,https://www.flugplatz-mannheim.de/privatpiloten/,2026-08-03
1.2,EDFM:breakfast,EDFM,breakfast,Nein,,,,,,,,,,,,,,2026-08-03
1.2,EDFM:city,EDFM,city,Nein,,,,,,,,,,,,,,2026-08-04
1.2,EDFM:beach,EDFM,beach,Nein,,,,,,,,,,,,,,2026-08-03
1.2,EDFM:lake,EDFM,lake,Nein,,,,,,,,,,,,,,2026-08-03
1.2,EDFM:mountain,EDFM,mountain,Nein,,,,,,,,,,,,,,2026-08-03
1.2,EDFM:wellness,EDFM,wellness,Nein,,,,,,,,,,,,,,2026-08-03
1.2,EDFR:techstop,EDFR,techstop,Nein,,,,,,,,,,,,,,2026-08-02
1.2,EDFR:breakfast,EDFR,breakfast,Nein,,,,,,,,,,,,,,2026-08-03
1.2,EDFR:city,EDFR,city,Nein,,,,,,,,,,,,,,2026-08-04
1.2,EDFR:beach,EDFR,beach,Nein,,,,,,,,,,,,,https://www.rothenburg.de/,2026-08-02
1.2,EDFR:lake,EDFR,lake,Nein,,,,,,,,,,,,,https://www.rothenburg.de/,2026-08-02
1.2,EDFR:mountain,EDFR,mountain,Nein,,,,,,,,,,,,,https://www.rothenburg.de/,2026-08-02
1.2,EDFR:wellness,EDFR,wellness,Nein,,,,,,,,,,,,,https://www.rothenburg.de/,2026-08-02
1.2,EDGE:techstop,EDGE,techstop,Nein,,,,,,,,,,,,,,2026-08-02
1.2,EDGE:breakfast,EDGE,breakfast,Nein,,,,,,,,,,,,,,2026-08-03
1.2,EDGE:city,EDGE,city,Nein,,,,,,,,,,,,,,2026-08-04
1.2,EDGE:beach,EDGE,beach,Nein,,,,,,,,,,,,,https://www.eisenach.info/,2026-08-02
1.2,EDGE:lake,EDGE,lake,Nein,,,,,,,,,,,,,https://www.eisenach.info/,2026-08-02
1.2,EDGE:mountain,EDGE,mountain,Ja,Drachenschlucht Eisenach,Auto,19,50.955505,10.309742,12.25,191,64,19,Auto,19,Drachenschlucht Eisenach,https://www.eisenach.info/,2026-08-02
1.2,EDGE:wellness,EDGE,wellness,Nein,,,,,,,,,,,,,https://www.eisenach.info/,2026-08-02
1.2,EDGS:techstop,EDGS,techstop,Ja,"Technisch stark, meteorologisch weniger robust als Tieflandplätze.",,,,,,,,,,,"Technischer Knoten zwischen Rhein-Main, Ruhrgebiet und Mitteldeutschland",https://www.siegerland-airport.de/fuer-piloten/infos-fuer-piloten/,2026-08-03
1.2,EDGS:breakfast,EDGS,breakfast,Nein,,,,,,,,,,,,,,2026-08-03
1.2,EDGS:city,EDGS,city,Nein,,,,,,,,,,,,,,2026-08-04
1.2,EDGS:beach,EDGS,beach,Nein,,,,,,,,,,,,,,2026-08-03
1.2,EDGS:lake,EDGS,lake,Nein,,,,,,,,,,,,,,2026-08-03
1.2,EDGS:mountain,EDGS,mountain,Nein,,,,,,,,,,,,,,2026-08-03
1.2,EDGS:wellness,EDGS,wellness,Nein,,,,,,,,,,,,,,2026-08-03
1.2,EDHL:techstop,EDHL,techstop,Ja,Starker Nordknoten mit professioneller Infrastruktur.,,,,,,,,,,,"Norddeutscher Knoten für Ostsee, Dänemark, Skandinavien und Nord-Süd-Routen",https://www.flughafen-luebeck.de/de/technische-infos,2026-08-03
1.2,EDHL:breakfast,EDHL,breakfast,Nein,,,,,,,,,,,,,,2026-08-03
1.2,EDHL:city,EDHL,city,Nein,,,,,,,,,,,,,,2026-08-04
1.2,EDHL:beach,EDHL,beach,Nein,,,,,,,,,,,,,https://www.luebeck-tourismus.de/,2026-08-02
1.2,EDHL:lake,EDHL,lake,Ja,"Badestelle Groß Sarau, Ratzeburger See",Fahrrad,22,53.770134,10.740584,4.17,65,22,6,Fahrrad,22,"Badestelle Groß Sarau, Ratzeburger See",https://www.luebeck-tourismus.de/,2026-08-02
1.2,EDHL:mountain,EDHL,mountain,Nein,,,,,,,,,,,,,https://www.luebeck-tourismus.de/,2026-08-02
1.2,EDHL:wellness,EDHL,wellness,Nein,,,,,,,,,,,,,https://www.luebeck-tourismus.de/,2026-08-02
1.2,EDKA:techstop,EDKA,techstop,Nein,,,,,,,,,,,,,,2026-08-02
1.2,EDKA:breakfast,EDKA,breakfast,Nein,,,,,,,,,,,,,,2026-08-03
1.2,EDKA:city,EDKA,city,Nein,,,,,,,,,,,,,,2026-08-04
1.2,EDKA:beach,EDKA,beach,Nein,,,,,,,,,,,,,https://www.aachen-tourismus.de/,2026-08-02
1.2,EDKA:lake,EDKA,lake,Ja,"Blausteinsee, Eschweiler",Fahrrad,37,50.85298,6.275101,7.06,110,37,11,Fahrrad,37,"Blausteinsee, Eschweiler",https://www.aachen-tourismus.de/,2026-08-02
1.2,EDKA:mountain,EDKA,mountain,Nein,,,,,,,,,,,,,https://www.aachen-tourismus.de/,2026-08-02
1.2,EDKA:wellness,EDKA,wellness,Ja,Carolus Thermen Aachen,Fahrrad,40,50.782937,6.097521,7.68,120,40,12,Fahrrad,40,Carolus Thermen Aachen,https://www.aachen-tourismus.de/,2026-08-02
1.2,EDKB:techstop,EDKB,techstop,Nein,,,,,,,,,,,,,,2026-08-03
1.2,EDKB:breakfast,EDKB,breakfast,Ja,,,,,,,,,,,,,https://www.udets.de/,2026-08-03
1.2,EDKB:city,EDKB,city,Nein,,,,,,,,,,,,,,2026-08-04
1.2,EDKB:beach,EDKB,beach,Nein,,,,,,,,,,,,,,2026-08-03
1.2,EDKB:lake,EDKB,lake,Nein,,,,,,,,,,,,,,2026-08-03
1.2,EDKB:mountain,EDKB,mountain,Nein,,,,,,,,,,,,,,2026-08-03
1.2,EDKB:wellness,EDKB,wellness,Nein,,,,,,,,,,,,,,2026-08-03
1.2,EDKM:techstop,EDKM,techstop,Nein,,,,,,,,,,,,,,2026-08-03
1.2,EDKM:breakfast,EDKM,breakfast,Nein,,,,,,,,,,,,,,2026-08-03
1.2,EDKM:city,EDKM,city,Nein,,,,,,,,,,,,,,2026-08-04
1.2,EDKM:beach,EDKM,beach,Nein,,,,,,,,,,,,,https://www.meschede.de/freizeit-kultur/ferienregion-touristinfo,2026-08-03
1.2,EDKM:lake,EDKM,lake,Ja,Hennesee,Taxi/Fahrrad,12,,,7,,,,Taxi/Fahrrad,12,Hennesee,https://www.meschede.de/freizeit-kultur/ferienregion-touristinfo,2026-08-03
1.2,EDKM:mountain,EDKM,mountain,Ja,Sauerländer Berge und Wanderwege,Taxi/Fahrrad,10,,,5,,,,Taxi/Fahrrad,10,Sauerländer Berge und Wanderwege,https://www.meschede.de/freizeit-kultur/All,2026-08-03
1.2,EDKM:wellness,EDKM,wellness,Nein,,,,,,,,,,,,,https://www.meschede.de/freizeit-kultur/ferienregion-touristinfo,2026-08-03
1.2,EDLD:techstop,EDLD,techstop,Ja,Sehr brauchbarer westlicher Redundanzstopp.,,,,,,,,,,,Ruhrgebiets-Nordrand und Benelux-Knoten,https://schwarze-heide.com/fuer-piloten/oeffnungszeiten-und-ppr/,2026-08-03
1.2,EDLD:breakfast,EDLD,breakfast,Ja,,,,,,,,,,,,,https://www.ikarostaverneflugplatzschwarzeheide.com/,2026-08-03
1.2,EDLD:city,EDLD,city,Nein,,,,,,,,,,,,,,2026-08-04
1.2,EDLD:beach,EDLD,beach,Nein,,,,,,,,,,,,,,2026-08-03
1.2,EDLD:lake,EDLD,lake,Nein,,,,,,,,,,,,,,2026-08-03
1.2,EDLD:mountain,EDLD,mountain,Nein,,,,,,,,,,,,,,2026-08-03
1.2,EDLD:wellness,EDLD,wellness,Nein,,,,,,,,,,,,,,2026-08-03
1.2,EDLE:techstop,EDLE,techstop,Ja,Sehr guter NRW-Stopp mit breiten Betriebszeiten.,,,,,,,,,,,Zentraler Ruhrgebiets-Knoten mit langen Betriebszeiten,https://www.flughafen-essen-muelheim.de/piloten/allgemein,2026-08-03
1.2,EDLE:breakfast,EDLE,breakfast,Nein,,,,,,,,,,,,,,2026-08-03
1.2,EDLE:city,EDLE,city,Nein,,,,,,,,,,,,,,2026-08-04
1.2,EDLE:beach,EDLE,beach,Nein,,,,,,,,,,,,,,2026-08-03
1.2,EDLE:lake,EDLE,lake,Nein,,,,,,,,,,,,,,2026-08-03
1.2,EDLE:mountain,EDLE,mountain,Nein,,,,,,,,,,,,,,2026-08-03
1.2,EDLE:wellness,EDLE,wellness,Nein,,,,,,,,,,,,,,2026-08-03
1.2,EDLH:techstop,EDLH,techstop,Ja,"Günstig und angenehm, aber weniger planungssicher.",,,,,,,,,,,"NRW-Mitte-Knoten zwischen Ruhrgebiet, Münsterland und Ostwestfalen",https://www.flugplatz-hamm.de/lsc20/flugplatz/flugplatzinformationen,2026-08-03
1.2,EDLH:breakfast,EDLH,breakfast,Nein,,,,,,,,,,,,,,2026-08-03
1.2,EDLH:city,EDLH,city,Nein,,,,,,,,,,,,,,2026-08-04
1.2,EDLH:beach,EDLH,beach,Nein,,,,,,,,,,,,,,2026-08-03
1.2,EDLH:lake,EDLH,lake,Nein,,,,,,,,,,,,,,2026-08-03
1.2,EDLH:mountain,EDLH,mountain,Nein,,,,,,,,,,,,,,2026-08-03
1.2,EDLH:wellness,EDLH,wellness,Nein,,,,,,,,,,,,,,2026-08-03
1.2,EDLN:techstop,EDLN,techstop,Ja,"Sehr guter Fuel-and-Go-Platz, schwächer als Pausenstopp.",,,,,,,,,,,"Professioneller West-Knoten für Benelux, Rheinland und Ruhrgebiet",https://www.mgl.de/aviation/,2026-08-03
1.2,EDLN:breakfast,EDLN,breakfast,Nein,,,,,,,,,,,,,,2026-08-03
1.2,EDLN:city,EDLN,city,Nein,,,,,,,,,,,,,,2026-08-04
1.2,EDLN:beach,EDLN,beach,Nein,,,,,,,,,,,,,,2026-08-03
1.2,EDLN:lake,EDLN,lake,Nein,,,,,,,,,,,,,,2026-08-03
1.2,EDLN:mountain,EDLN,mountain,Nein,,,,,,,,,,,,,,2026-08-03
1.2,EDLN:wellness,EDLN,wellness,Nein,,,,,,,,,,,,,,2026-08-03
1.2,EDLS:techstop,EDLS,techstop,Ja,"Sehr ausgewogener Tank-, Pausen- und Streckenstopp.",,,,,,,,,,,"Westlicher Nord-Süd-Knoten für Benelux, Ruhrgebiet und Norddeutschland",https://www.flugplatz-stadtlohn.de/index.php?L=48&id=79,2026-08-03
1.2,EDLS:breakfast,EDLS,breakfast,Nein,,,,,,,,,,,,,,2026-08-03
1.2,EDLS:city,EDLS,city,Nein,,,,,,,,,,,,,,2026-08-04
1.2,EDLS:beach,EDLS,beach,Nein,,,,,,,,,,,,,,2026-08-03
1.2,EDLS:lake,EDLS,lake,Nein,,,,,,,,,,,,,,2026-08-03
1.2,EDLS:mountain,EDLS,mountain,Nein,,,,,,,,,,,,,,2026-08-03
1.2,EDLS:wellness,EDLS,wellness,Nein,,,,,,,,,,,,,,2026-08-03
1.2,EDMA:techstop,EDMA,techstop,Ja,"Verlässlich, aber nicht der preisgünstigste technische Stopp.",,,,,,,,,,,"Bayern-Knoten für Münchenraum, Alpen und Ost-West-Verkehr",https://www.augsburg-airport.de/piloten/,2026-08-03
1.2,EDMA:breakfast,EDMA,breakfast,Nein,,,,,,,,,,,,,,2026-08-03
1.2,EDMA:city,EDMA,city,Nein,,,,,,,,,,,,,,2026-08-04
1.2,EDMA:beach,EDMA,beach,Nein,,,,,,,,,,,,,,2026-08-03
1.2,EDMA:lake,EDMA,lake,Nein,,,,,,,,,,,,,,2026-08-03
1.2,EDMA:mountain,EDMA,mountain,Nein,,,,,,,,,,,,,,2026-08-03
1.2,EDMA:wellness,EDMA,wellness,Nein,,,,,,,,,,,,,,2026-08-03
1.2,EDME:techstop,EDME,techstop,Ja,Sehr starker einfacher Südost-Stopp.,,,,,,,,,,,"Ostbayern-Knoten zwischen München, Passau, Salzburg und Tschechien",https://flugsportverein-eggenfelden.de/unser-flugplatz/,2026-08-03
1.2,EDME:breakfast,EDME,breakfast,Nein,,,,,,,,,,,,,,2026-08-03
1.2,EDME:city,EDME,city,Nein,,,,,,,,,,,,,,2026-08-04
1.2,EDME:beach,EDME,beach,Nein,,,,,,,,,,,,,,2026-08-03
1.2,EDME:lake,EDME,lake,Nein,,,,,,,,,,,,,,2026-08-03
1.2,EDME:mountain,EDME,mountain,Nein,,,,,,,,,,,,,,2026-08-03
1.2,EDME:wellness,EDME,wellness,Nein,,,,,,,,,,,,,,2026-08-03
1.2,EDML:techstop,EDML,techstop,Ja,Technisch besonders wegen vier Kraftstoffoptionen wertvoll.,,,,,,,,,,,Südost-Knoten östlich von München mit breiter Kraftstoffauswahl,https://www.lsv-landshut.de/de/flugplatz/piloteninfos/,2026-08-03
1.2,EDML:breakfast,EDML,breakfast,Nein,,,,,,,,,,,,,,2026-08-03
1.2,EDML:city,EDML,city,Nein,,,,,,,,,,,,,,2026-08-04
1.2,EDML:beach,EDML,beach,Nein,,,,,,,,,,,,,,2026-08-03
1.2,EDML:lake,EDML,lake,Nein,,,,,,,,,,,,,,2026-08-03
1.2,EDML:mountain,EDML,mountain,Nein,,,,,,,,,,,,,,2026-08-03
1.2,EDML:wellness,EDML,wellness,Nein,,,,,,,,,,,,,,2026-08-03
1.2,EDMV:techstop,EDMV,techstop,Ja,Strategisch stärkster ergänzender Tankstopp im äußersten Südosten.,,,,,,,,,,,"Südost-Knoten für Ostbayern, Österreich und Tschechien",https://www.edmv.de/,2026-08-03
1.2,EDMV:breakfast,EDMV,breakfast,Nein,,,,,,,,,,,,,,2026-08-03
1.2,EDMV:city,EDMV,city,Nein,,,,,,,,,,,,,,2026-08-04
1.2,EDMV:beach,EDMV,beach,Nein,,,,,,,,,,,,,,2026-08-03
1.2,EDMV:lake,EDMV,lake,Nein,,,,,,,,,,,,,,2026-08-03
1.2,EDMV:mountain,EDMV,mountain,Nein,,,,,,,,,,,,,,2026-08-03
1.2,EDMV:wellness,EDMV,wellness,Nein,,,,,,,,,,,,,,2026-08-03
1.2,EDNH:techstop,EDNH,techstop,Nein,,,,,,,,,,,,,,2026-08-03
1.2,EDNH:breakfast,EDNH,breakfast,Ja,,,,,,,,,,,,,https://flugplatz-badwoerishofen.de/aero-cafe_hausgemachte-kuchen_sonnenterrasse,2026-08-03
1.2,EDNH:city,EDNH,city,Nein,,,,,,,,,,,,,,2026-08-04
1.2,EDNH:beach,EDNH,beach,Nein,,,,,,,,,,,,,,2026-08-03
1.2,EDNH:lake,EDNH,lake,Nein,,,,,,,,,,,,,,2026-08-03
1.2,EDNH:mountain,EDNH,mountain,Nein,,,,,,,,,,,,,,2026-08-03
1.2,EDNH:wellness,EDNH,wellness,Nein,,,,,,,,,,,,,,2026-08-03
1.2,EDNL:techstop,EDNL,techstop,Ja,Stärkster südwestlicher Fuel-and-Food-Stop.,,,,,,,,,,,"Allgäu-/Bodensee-Knoten für Südwest, Alpenrand und Österreich",https://www.ednl.de/,2026-08-03
1.2,EDNL:breakfast,EDNL,breakfast,Nein,,,,,,,,,,,,,,2026-08-03
1.2,EDNL:city,EDNL,city,Nein,,,,,,,,,,,,,,2026-08-04
1.2,EDNL:beach,EDNL,beach,Nein,,,,,,,,,,,,,,2026-08-03
1.2,EDNL:lake,EDNL,lake,Nein,,,,,,,,,,,,,,2026-08-03
1.2,EDNL:mountain,EDNL,mountain,Nein,,,,,,,,,,,,,,2026-08-03
1.2,EDNL:wellness,EDNL,wellness,Nein,,,,,,,,,,,,,,2026-08-03
1.2,EDPA:techstop,EDPA,techstop,Ja,"Gut, sofern die Tankstellenbesetzung vorher gesichert ist.",,,,,,,,,,,"Ostwürttemberg-Knoten zwischen Stuttgart, Nürnberg, Bayern und Bodensee",https://edpa.de/flugplatz-info/,2026-08-03
1.2,EDPA:breakfast,EDPA,breakfast,Nein,,,,,,,,,,,,,,2026-08-03
1.2,EDPA:city,EDPA,city,Nein,,,,,,,,,,,,,,2026-08-04
1.2,EDPA:beach,EDPA,beach,Nein,,,,,,,,,,,,,,2026-08-03
1.2,EDPA:lake,EDPA,lake,Nein,,,,,,,,,,,,,,2026-08-03
1.2,EDPA:mountain,EDPA,mountain,Nein,,,,,,,,,,,,,,2026-08-03
1.2,EDPA:wellness,EDPA,wellness,Nein,,,,,,,,,,,,,,2026-08-03
1.2,EDQA:techstop,EDQA,techstop,Nein,,,,,,,,,,,,,,2026-08-02
1.2,EDQA:breakfast,EDQA,breakfast,Nein,,,,,,,,,,,,,,2026-08-03
1.2,EDQA:city,EDQA,city,Nein,,,,,,,,,,,,,,2026-08-04
1.2,EDQA:beach,EDQA,beach,Nein,,,,,,,,,,,,,https://www.bamberg.info/sehenswertes/,2026-08-02
1.2,EDQA:lake,EDQA,lake,Nein,,,,,,,,,,,,,https://www.bamberg.info/sehenswertes/,2026-08-02
1.2,EDQA:mountain,EDQA,mountain,Nein,,,,,,,,,,,,,https://www.bamberg.info/sehenswertes/,2026-08-02
1.2,EDQA:wellness,EDQA,wellness,Nein,,,,,,,,,,,,,https://www.bamberg.info/sehenswertes/,2026-08-02
1.2,EDRK:techstop,EDRK,techstop,Ja,Sehr guter westlicher Stopp mit vollwertigem Essen.,,,,,,,,,,,"Westlicher Mittelachsen-Knoten zwischen Rhein-Main, Benelux und Südwest",https://flugplatz-koblenz-winningen.de/index.php/de/general-aviation/flugplatzinfo,2026-08-03
1.2,EDRK:breakfast,EDRK,breakfast,Nein,,,,,,,,,,,,,,2026-08-03
1.2,EDRK:city,EDRK,city,Nein,,,,,,,,,,,,,,2026-08-04
1.2,EDRK:beach,EDRK,beach,Nein,,,,,,,,,,,,,,2026-08-03
1.2,EDRK:lake,EDRK,lake,Nein,,,,,,,,,,,,,,2026-08-03
1.2,EDRK:mountain,EDRK,mountain,Nein,,,,,,,,,,,,,,2026-08-03
1.2,EDRK:wellness,EDRK,wellness,Nein,,,,,,,,,,,,,,2026-08-03
1.2,EDTD:techstop,EDTD,techstop,Ja,Sehr wertvoller südwestlicher Netzbaustein.,,,,,,,,,,,"Schwarzwald-/Oberrhein-Knoten für Schweiz, Bodensee und Südwest",https://donau-airport.de/piloteninformationen/,2026-08-03
1.2,EDTD:breakfast,EDTD,breakfast,Nein,,,,,,,,,,,,,,2026-08-03
1.2,EDTD:city,EDTD,city,Nein,,,,,,,,,,,,,,2026-08-04
1.2,EDTD:beach,EDTD,beach,Nein,,,,,,,,,,,,,,2026-08-03
1.2,EDTD:lake,EDTD,lake,Nein,,,,,,,,,,,,,,2026-08-03
1.2,EDTD:mountain,EDTD,mountain,Nein,,,,,,,,,,,,,,2026-08-03
1.2,EDTD:wellness,EDTD,wellness,Nein,,,,,,,,,,,,,,2026-08-03
1.2,EDTF:techstop,EDTF,techstop,Ja,Wichtiger geografischer TechStop trotz einfacher Pausenversorgung.,,,,,,,,,,,"Äußerster Südwest-Knoten für Oberrhein, Elsass, Basel und Schweizer Jura",https://freiburg-airport.de/infosfuerpiloten/,2026-08-03
1.2,EDTF:breakfast,EDTF,breakfast,Nein,,,,,,,,,,,,,,2026-08-03
1.2,EDTF:city,EDTF,city,Ja,Freiburger Altstadt und Münster,,,,,,,,,,,Freiburger Altstadt und Münster,,2026-08-04
1.2,EDTF:beach,EDTF,beach,Nein,,,,,,,,,,,,,https://visit.freiburg.de/,2026-08-02
1.2,EDTF:lake,EDTF,lake,Nein,,,,,,,,,,,,,https://visit.freiburg.de/,2026-08-02
1.2,EDTF:mountain,EDTF,mountain,Grenzfall,Schlossbergbahn Freiburg,Fahrrad,18,47.997168,7.857375,3.4,53,18,5,Fahrrad,18,Schlossbergbahn Freiburg,https://visit.freiburg.de/,2026-08-02
1.2,EDTF:wellness,EDTF,wellness,Nein,,,,,,,,,,,,,https://visit.freiburg.de/,2026-08-02
1.2,EDTY:techstop,EDTY,techstop,Ja,Solider professioneller Süddeutschland-Stopp.,,,,,,,,,,,"Süddeutscher Ost-West-Knoten zwischen Rhein, Franken und Bayern",https://www.edty.de/de/airport/pilot_information/approach_information/approach_information.php,2026-08-03
1.2,EDTY:breakfast,EDTY,breakfast,Nein,,,,,,,,,,,,,,2026-08-03
1.2,EDTY:city,EDTY,city,Nein,,,,,,,,,,,,,,2026-08-04
1.2,EDTY:beach,EDTY,beach,Nein,,,,,,,,,,,,,,2026-08-03
1.2,EDTY:lake,EDTY,lake,Nein,,,,,,,,,,,,,,2026-08-03
1.2,EDTY:mountain,EDTY,mountain,Nein,,,,,,,,,,,,,,2026-08-03
1.2,EDTY:wellness,EDTY,wellness,Nein,,,,,,,,,,,,,,2026-08-03
1.2,EDTZ:techstop,EDTZ,techstop,Nein,,,,,,,,,,,,,,2026-08-02
1.2,EDTZ:breakfast,EDTZ,breakfast,Nein,,,,,,,,,,,,,,2026-08-03
1.2,EDTZ:city,EDTZ,city,Nein,,,,,,,,,,,,,,2026-08-04
1.2,EDTZ:beach,EDTZ,beach,Nein,,,,,,,,,,,,,https://www.konstanz-info.com/,2026-08-02
1.2,EDTZ:lake,EDTZ,lake,Ja,"Strandbad Horn, Bodensee",Fahrrad,11,47.666757,9.214879,2.12,33,11,3,Fahrrad,11,"Strandbad Horn, Bodensee",https://www.konstanz-info.com/,2026-08-02
1.2,EDTZ:mountain,EDTZ,mountain,Nein,,,,,,,,,,,,,https://www.konstanz-info.com/,2026-08-02
1.2,EDTZ:wellness,EDTZ,wellness,Ja,Bodensee-Therme Konstanz,Fahrrad,11,47.664559,9.208961,2.04,32,11,3,Fahrrad,11,Bodensee-Therme Konstanz,https://www.konstanz-info.com/,2026-08-02
1.2,EDVI:techstop,EDVI,techstop,Ja,Sehr guter unkomplizierter Mittelgebirgs-Tankstopp.,,,,,,,,,,,"Kompakter Mitte-Stopp zwischen Ruhrgebiet, Hannover, Harz und Thüringen",https://www.flugplatz-hx.de/index.php/flugplatz/daten,2026-08-03
1.2,EDVI:breakfast,EDVI,breakfast,Ja,,,,,,,,,,,,,https://flugplatz-hx.de/index.php/flugplatz/gastronomie,2026-08-03
1.2,EDVI:city,EDVI,city,Nein,,,,,,,,,,,,,,2026-08-04
1.2,EDVI:beach,EDVI,beach,Nein,,,,,,,,,,,,,,2026-08-03
1.2,EDVI:lake,EDVI,lake,Nein,,,,,,,,,,,,,,2026-08-03
1.2,EDVI:mountain,EDVI,mountain,Nein,,,,,,,,,,,,,,2026-08-03
1.2,EDVI:wellness,EDVI,wellness,Nein,,,,,,,,,,,,,,2026-08-03
1.2,EDVK:techstop,EDVK,techstop,Ja,Technisch sehr zuverlässiger Mittelpunkt-Stopp.,,,,,,,,,,,Zentraler Deutschland-Knoten für lange Nord-Süd- und Ost-West-Strecken,https://www.kassel-airport.de/informationen-fuer-piloten/airport-informationen/,2026-08-03
1.2,EDVK:breakfast,EDVK,breakfast,Nein,,,,,,,,,,,,,,2026-08-03
1.2,EDVK:city,EDVK,city,Nein,,,,,,,,,,,,,,2026-08-04
1.2,EDVK:beach,EDVK,beach,Nein,,,,,,,,,,,,,,2026-08-03
1.2,EDVK:lake,EDVK,lake,Nein,,,,,,,,,,,,,,2026-08-03
1.2,EDVK:mountain,EDVK,mountain,Nein,,,,,,,,,,,,,,2026-08-03
1.2,EDVK:wellness,EDVK,wellness,Nein,,,,,,,,,,,,,,2026-08-03
1.2,EDVM:techstop,EDVM,techstop,Nein,,,,,,,,,,,,,,2026-08-03
1.2,EDVM:breakfast,EDVM,breakfast,Ja,,,,,,,,,,,,,https://www.flugplatz-hildesheim.de/index.php?iCID=25,2026-08-03
1.2,EDVM:city,EDVM,city,Nein,,,,,,,,,,,,,,2026-08-04
1.2,EDVM:beach,EDVM,beach,Nein,,,,,,,,,,,,,,2026-08-03
1.2,EDVM:lake,EDVM,lake,Nein,,,,,,,,,,,,,,2026-08-03
1.2,EDVM:mountain,EDVM,mountain,Nein,,,,,,,,,,,,,,2026-08-03
1.2,EDVM:wellness,EDVM,wellness,Nein,,,,,,,,,,,,,,2026-08-03
1.2,EDWC:techstop,EDWC,techstop,Ja,Einer der stärksten kompakten Tankstopps Deutschlands.,,,,,,,,,,,"Knoten zwischen Ruhrgebiet, Nordseeküste, Hannover und Hamburg",https://www.edwc.de/index.php/platzdaten,2026-08-03
1.2,EDWC:breakfast,EDWC,breakfast,Ja,,,,,,,,,,,,,https://www.dammer-berge.de/caf%C3%A9-tillias-fly-in/19341,2026-08-03
1.2,EDWC:city,EDWC,city,Nein,,,,,,,,,,,,,,2026-08-04
1.2,EDWC:beach,EDWC,beach,Nein,,,,,,,,,,,,,,2026-08-03
1.2,EDWC:lake,EDWC,lake,Nein,,,,,,,,,,,,,,2026-08-03
1.2,EDWC:mountain,EDWC,mountain,Nein,,,,,,,,,,,,,,2026-08-03
1.2,EDWC:wellness,EDWC,wellness,Nein,,,,,,,,,,,,,,2026-08-03
1.2,EDWF:techstop,EDWF,techstop,Ja,Herausragender Fuel-and-Food-Stop mit kurzen Wegen.,,,,,,,,,,,"Nordwest-Knoten für Niederlande, Nordsee und Norddeutschland",https://flugplatz-leer-papenburg.de/informationen/der-flugplatz-edwf-leer-papenburg/,2026-08-03
1.2,EDWF:breakfast,EDWF,breakfast,Nein,,,,,,,,,,,,,,2026-08-03
1.2,EDWF:city,EDWF,city,Nein,,,,,,,,,,,,,,2026-08-04
1.2,EDWF:beach,EDWF,beach,Nein,,,,,,,,,,,,,,2026-08-03
1.2,EDWF:lake,EDWF,lake,Nein,,,,,,,,,,,,,,2026-08-03
1.2,EDWF:mountain,EDWF,mountain,Nein,,,,,,,,,,,,,,2026-08-03
1.2,EDWF:wellness,EDWF,wellness,Nein,,,,,,,,,,,,,,2026-08-03
1.2,EDWG:techstop,EDWG,techstop,Nein,,,,,,,,,,,,,,2026-08-02
1.2,EDWG:breakfast,EDWG,breakfast,Nein,,,,,,,,,,,,,,2026-08-03
1.2,EDWG:city,EDWG,city,Nein,,,,,,,,,,,,,,2026-08-04
1.2,EDWG:beach,EDWG,beach,Ja,Hauptstrand Wangerooge,Fahrrad,8,53.793935,7.90022,1.56,24,8,2,Fahrrad,8,Hauptstrand Wangerooge,https://www.wangerooge.de/,2026-08-02
1.2,EDWG:lake,EDWG,lake,Nein,,,,,,,,,,,,,https://www.wangerooge.de/,2026-08-02
1.2,EDWG:mountain,EDWG,mountain,Nein,,,,,,,,,,,,,https://www.wangerooge.de/,2026-08-02
1.2,EDWG:wellness,EDWG,wellness,Grenzfall,Meerwasser-Erlebnisbad Oase,Fahrrad,9,53.793675,7.894722,1.77,28,9,3,Fahrrad,9,Meerwasser-Erlebnisbad Oase,https://www.wangerooge.de/,2026-08-02
1.2,EDWI:techstop,EDWI,techstop,Ja,"Sehr guter Nordwest-Stopp, besonders wegen alkoholfreiem Super Plus.",,,,,,,,,,,Küsten- und Nordsee-Knoten mit Rotax-tauglicher Ottokraftstoffoption,https://www.edwi.info/flugplatz/oeffnungszeiten.html,2026-08-03
1.2,EDWI:breakfast,EDWI,breakfast,Nein,,,,,,,,,,,,,,2026-08-03
1.2,EDWI:city,EDWI,city,Nein,,,,,,,,,,,,,,2026-08-04
1.2,EDWI:beach,EDWI,beach,Nein,,,,,,,,,,,,,,2026-08-03
1.2,EDWI:lake,EDWI,lake,Nein,,,,,,,,,,,,,,2026-08-03
1.2,EDWI:mountain,EDWI,mountain,Nein,,,,,,,,,,,,,,2026-08-03
1.2,EDWI:wellness,EDWI,wellness,Nein,,,,,,,,,,,,,,2026-08-03
1.2,EDWJ:techstop,EDWJ,techstop,Nein,,,,,,,,,,,,,,2026-08-02
1.2,EDWJ:breakfast,EDWJ,breakfast,Nein,,,,,,,,,,,,,,2026-08-03
1.2,EDWJ:city,EDWJ,city,Nein,,,,,,,,,,,,,,2026-08-04
1.2,EDWJ:beach,EDWJ,beach,Ja,Sandstrand Juist,Fahrrad,21,53.682111,6.993734,4.09,64,21,6,Fahrrad,21,Sandstrand Juist,https://www.juist.de/auf-der-insel/poi/detail/flugplatz-juist,2026-08-02
1.2,EDWJ:lake,EDWJ,lake,Nein,,,,,,,,,,,,,https://www.juist.de/auf-der-insel/poi/detail/flugplatz-juist,2026-08-02
1.2,EDWJ:mountain,EDWJ,mountain,Nein,,,,,,,,,,,,,https://www.juist.de/auf-der-insel/poi/detail/flugplatz-juist,2026-08-02
1.2,EDWJ:wellness,EDWJ,wellness,Ja,TöwerVital Juist,Fahrrad,20,53.679805,6.997219,3.86,60,20,6,Fahrrad,20,TöwerVital Juist,https://www.juist.de/auf-der-insel/poi/detail/flugplatz-juist,2026-08-02
1.2,EDWL:techstop,EDWL,techstop,Nein,,,,,,,,,,,,,,2026-08-02
1.2,EDWL:breakfast,EDWL,breakfast,Nein,,,,,,,,,,,,,,2026-08-03
1.2,EDWL:city,EDWL,city,Nein,,,,,,,,,,,,,,2026-08-04
1.2,EDWL:beach,EDWL,beach,Ja,Hauptstrand Langeoog,Fahrrad,9,53.752028,7.47633,1.79,28,9,3,Fahrrad,9,Hauptstrand Langeoog,https://www.langeoog.de/,2026-08-02
1.2,EDWL:lake,EDWL,lake,Nein,,,,,,,,,,,,,https://www.langeoog.de/,2026-08-02
1.2,EDWL:mountain,EDWL,mountain,Nein,,,,,,,,,,,,,https://www.langeoog.de/,2026-08-02
1.2,EDWL:wellness,EDWL,wellness,Ja,Meerwasser-Erlebnisbad Langeoog,Fahrrad,8,53.750155,7.478816,1.54,24,8,2,Fahrrad,8,Meerwasser-Erlebnisbad Langeoog,https://www.langeoog.de/,2026-08-02
1.2,EDWR:techstop,EDWR,techstop,Nein,,,,,,,,,,,,,,2026-08-02
1.2,EDWR:breakfast,EDWR,breakfast,Nein,,,,,,,,,,,,,,2026-08-03
1.2,EDWR:city,EDWR,city,Nein,,,,,,,,,,,,,,2026-08-04
1.2,EDWR:beach,EDWR,beach,Ja,Südstrand Borkum,Fahrrad,17,53.576437,6.670915,3.36,53,17,5,Fahrrad,17,Südstrand Borkum,https://www.borkum.de/,2026-08-02
1.2,EDWR:lake,EDWR,lake,Nein,,,,,,,,,,,,,https://www.borkum.de/,2026-08-02
1.2,EDWR:mountain,EDWR,mountain,Nein,,,,,,,,,,,,,https://www.borkum.de/,2026-08-02
1.2,EDWR:wellness,EDWR,wellness,Ja,Gezeitenland Borkum,Fahrrad,18,53.585401,6.658705,3.55,55,18,5,Fahrrad,18,Gezeitenland Borkum,https://www.borkum.de/,2026-08-02
1.2,EDWY:techstop,EDWY,techstop,Nein,,,,,,,,,,,,,,2026-08-02
1.2,EDWY:breakfast,EDWY,breakfast,Nein,,,,,,,,,,,,,,2026-08-03
1.2,EDWY:city,EDWY,city,Nein,,,,,,,,,,,,,,2026-08-04
1.2,EDWY:beach,EDWY,beach,Ja,Nordstrand Norderney,Fahrrad,26,53.71365,7.155378,4.97,78,26,8,Fahrrad,26,Nordstrand Norderney,https://www.norderney.de/,2026-08-02
1.2,EDWY:lake,EDWY,lake,Nein,,,,,,,,,,,,,https://www.norderney.de/,2026-08-02
1.2,EDWY:mountain,EDWY,mountain,Nein,,,,,,,,,,,,,https://www.norderney.de/,2026-08-02
1.2,EDWY:wellness,EDWY,wellness,Ja,bade:haus Norderney,Fahrrad,29,53.704337,7.144015,5.67,89,29,9,Fahrrad,29,bade:haus Norderney,https://www.norderney.de/,2026-08-02
1.2,EDXE:techstop,EDXE,techstop,Nein,,,,,,,,,,,,,,2026-08-03
1.2,EDXE:breakfast,EDXE,breakfast,Ja,,,,,,,,,,,,,https://gets-am-flugplatz.de/,2026-08-03
1.2,EDXE:city,EDXE,city,Nein,,,,,,,,,,,,,,2026-08-04
1.2,EDXE:beach,EDXE,beach,Nein,,,,,,,,,,,,,,2026-08-03
1.2,EDXE:lake,EDXE,lake,Nein,,,,,,,,,,,,,,2026-08-03
1.2,EDXE:mountain,EDXE,mountain,Nein,,,,,,,,,,,,,,2026-08-03
1.2,EDXE:wellness,EDXE,wellness,Nein,,,,,,,,,,,,,,2026-08-03
1.2,EDXH:techstop,EDXH,techstop,Nein,,,,,,,,,,,,,,2026-08-02
1.2,EDXH:breakfast,EDXH,breakfast,Nein,,,,,,,,,,,,,,2026-08-03
1.2,EDXH:city,EDXH,city,Nein,,,,,,,,,,,,,,2026-08-04
1.2,EDXH:beach,EDXH,beach,Ja,Nordstrand Helgoland-Düne,zu Fuß,7,54.188385,7.911298,0.45,7,2,1,zu Fuß,7,Nordstrand Helgoland-Düne,https://www.helgoland.de/,2026-08-02
1.2,EDXH:lake,EDXH,lake,Nein,,,,,,,,,,,,,https://www.helgoland.de/,2026-08-02
1.2,EDXH:mountain,EDXH,mountain,Nein,,,,,,,,,,,,,https://www.helgoland.de/,2026-08-02
1.2,EDXH:wellness,EDXH,wellness,Nein,,,,,,,,,,,,,https://www.helgoland.de/,2026-08-02
1.2,EDXO:techstop,EDXO,techstop,Nein,,,,,,,,,,,,,,2026-08-02
1.2,EDXO:breakfast,EDXO,breakfast,Nein,,,,,,,,,,,,,,2026-08-03
1.2,EDXO:city,EDXO,city,Nein,,,,,,,,,,,,,,2026-08-04
1.2,EDXO:beach,EDXO,beach,Ja,St. Peter-Ording-Strand,Fahrrad,35,54.332861,8.592411,6.68,104,35,10,Fahrrad,35,St. Peter-Ording-Strand,https://www.st-peter-ording.de/,2026-08-02
1.2,EDXO:lake,EDXO,lake,Nein,,,,,,,,,,,,,https://www.st-peter-ording.de/,2026-08-02
1.2,EDXO:mountain,EDXO,mountain,Nein,,,,,,,,,,,,,https://www.st-peter-ording.de/,2026-08-02
1.2,EDXO:wellness,EDXO,wellness,Ja,Dünen-Therme,Fahrrad,28,54.315745,8.60493,5.36,84,28,8,Fahrrad,28,Dünen-Therme,https://www.st-peter-ording.de/,2026-08-02
1.2,EDXW:techstop,EDXW,techstop,Nein,,,,,,,,,,,,,,2026-08-02
1.2,EDXW:breakfast,EDXW,breakfast,Nein,,,,,,,,,,,,,,2026-08-03
1.2,EDXW:city,EDXW,city,Nein,,,,,,,,,,,,,,2026-08-04
1.2,EDXW:beach,EDXW,beach,Ja,Hauptstrand Westerland,Fahrrad,14,54.908553,8.297828,2.78,43,14,4,Fahrrad,14,Hauptstrand Westerland,https://www.sylt.de/,2026-08-02
1.2,EDXW:lake,EDXW,lake,Nein,,,,,,,,,,,,,https://www.sylt.de/,2026-08-02
1.2,EDXW:mountain,EDXW,mountain,Nein,,,,,,,,,,,,,https://www.sylt.de/,2026-08-02
1.2,EDXW:wellness,EDXW,wellness,Ja,Syltness Center Westerland,Fahrrad,13,54.910459,8.30046,2.58,40,13,4,Fahrrad,13,Syltness Center Westerland,https://www.sylt.de/,2026-08-02
1.2,EDXY:techstop,EDXY,techstop,Nein,,,,,,,,,,,,,,2026-08-02
1.2,EDXY:breakfast,EDXY,breakfast,Nein,,,,,,,,,,,,,,2026-08-03
1.2,EDXY:city,EDXY,city,Nein,,,,,,,,,,,,,,2026-08-04
1.2,EDXY:beach,EDXY,beach,Ja,"Föhr Südstrand, Wyk",Fahrrad,8,54.679516,8.551572,1.59,25,8,2,Fahrrad,8,"Föhr Südstrand, Wyk",https://www.foehr.de/,2026-08-02
1.2,EDXY:lake,EDXY,lake,Nein,,,,,,,,,,,,,https://www.foehr.de/,2026-08-02
1.2,EDXY:mountain,EDXY,mountain,Nein,,,,,,,,,,,,,https://www.foehr.de/,2026-08-02
1.2,EDXY:wellness,EDXY,wellness,Ja,"AQUAFÖHR, Wyk",Fahrrad,13,54.683425,8.56718,2.48,39,13,4,Fahrrad,13,"AQUAFÖHR, Wyk",https://www.foehr.de/,2026-08-02
1.2,EGHC:techstop,EGHC,techstop,Nein,,,,,,,,,,,,,,2026-08-02
1.2,EGHC:breakfast,EGHC,breakfast,Nein,,,,,,,,,,,,,,2026-08-03
1.2,EGHC:city,EGHC,city,Nein,,,,,,,,,,,,,,2026-08-04
1.2,EGHC:beach,EGHC,beach,Ja,Sennen Cove,Fahrrad,17,50.079188,-5.697719,3.26,51,17,5,Fahrrad,17,Sennen Cove,https://www.visitcornwall.com/,2026-08-02
1.2,EGHC:lake,EGHC,lake,Nein,,,,,,,,,,,,,https://www.visitcornwall.com/,2026-08-02
1.2,EGHC:mountain,EGHC,mountain,Nein,,,,,,,,,,,,,https://www.visitcornwall.com/,2026-08-02
1.2,EGHC:wellness,EGHC,wellness,Nein,,,,,,,,,,,,,https://www.visitcornwall.com/,2026-08-02
1.2,EGHE:techstop,EGHE,techstop,Nein,,,,,,,,,,,,,,2026-08-02
1.2,EGHE:breakfast,EGHE,breakfast,Nein,,,,,,,,,,,,,,2026-08-03
1.2,EGHE:city,EGHE,city,Nein,,,,,,,,,,,,,,2026-08-04
1.2,EGHE:beach,EGHE,beach,Ja,Porthcressa Beach,Fahrrad,9,49.913172,-6.314695,1.65,26,9,3,Fahrrad,9,Porthcressa Beach,https://www.visitislesofscilly.com/,2026-08-02
1.2,EGHE:lake,EGHE,lake,Nein,,,,,,,,,,,,,https://www.visitislesofscilly.com/,2026-08-02
1.2,EGHE:mountain,EGHE,mountain,Nein,,,,,,,,,,,,,https://www.visitislesofscilly.com/,2026-08-02
1.2,EGHE:wellness,EGHE,wellness,Nein,,,,,,,,,,,,,https://www.visitislesofscilly.com/,2026-08-02
1.2,EGHN:techstop,EGHN,techstop,Nein,,,,,,,,,,,,,,2026-08-02
1.2,EGHN:breakfast,EGHN,breakfast,Nein,,,,,,,,,,,,,,2026-08-03
1.2,EGHN:city,EGHN,city,Nein,,,,,,,,,,,,,,2026-08-04
1.2,EGHN:beach,EGHN,beach,Ja,Sandown Beach,Fahrrad,10,50.652348,-1.155115,1.88,29,10,3,Fahrrad,10,Sandown Beach,https://www.visitisleofwight.co.uk/,2026-08-02
1.2,EGHN:lake,EGHN,lake,Nein,,,,,,,,,,,,,https://www.visitisleofwight.co.uk/,2026-08-02
1.2,EGHN:mountain,EGHN,mountain,Nein,,,,,,,,,,,,,https://www.visitisleofwight.co.uk/,2026-08-02
1.2,EGHN:wellness,EGHN,wellness,Nein,,,,,,,,,,,,,https://www.visitisleofwight.co.uk/,2026-08-02
1.2,EGHR:techstop,EGHR,techstop,Nein,,,,,,,,,,,,,,2026-08-02
1.2,EGHR:breakfast,EGHR,breakfast,Nein,,,,,,,,,,,,,,2026-08-03
1.2,EGHR:city,EGHR,city,Nein,,,,,,,,,,,,,,2026-08-04
1.2,EGHR:beach,EGHR,beach,Ja,West Wittering Beach,E-Roller,38,50.7822911,-0.8920664,12.66,,53,30,E-Roller,38,West Wittering Beach,https://www.westwitteringestate.co.uk/,2026-08-13
1.2,EGHR:lake,EGHR,lake,Nein,,,,,,,,,,,,,https://www.goodwood.com/,2026-08-02
1.2,EGHR:mountain,EGHR,mountain,Nein,,,,,,,,,,,,,https://www.goodwood.com/,2026-08-02
1.2,EGHR:wellness,EGHR,wellness,Grenzfall,Goodwood Health Club,Fahrrad,10,50.867408,-0.733678,2.01,31,10,3,Fahrrad,10,Goodwood Health Club,https://www.goodwood.com/,2026-08-02
1.2,EGJA:techstop,EGJA,techstop,Nein,,,,,,,,,,,,,,2026-08-02
1.2,EGJA:breakfast,EGJA,breakfast,Nein,,,,,,,,,,,,,,2026-08-03
1.2,EGJA:city,EGJA,city,Nein,,,,,,,,,,,,,,2026-08-04
1.2,EGJA:beach,EGJA,beach,Ja,"Braye Beach, Alderney",Fahrrad,11,49.722778,-2.200478,2.12,33,11,3,Fahrrad,11,"Braye Beach, Alderney",https://www.visitalderney.com/,2026-08-02
1.2,EGJA:lake,EGJA,lake,Nein,,,,,,,,,,,,,https://www.visitalderney.com/,2026-08-02
1.2,EGJA:mountain,EGJA,mountain,Nein,,,,,,,,,,,,,https://www.visitalderney.com/,2026-08-02
1.2,EGJA:wellness,EGJA,wellness,Nein,,,,,,,,,,,,,https://www.visitalderney.com/,2026-08-02
1.2,EGJB:techstop,EGJB,techstop,Nein,,,,,,,,,,,,,,2026-08-02
1.2,EGJB:breakfast,EGJB,breakfast,Nein,,,,,,,,,,,,,,2026-08-03
1.2,EGJB:city,EGJB,city,Nein,,,,,,,,,,,,,,2026-08-04
1.2,EGJB:beach,EGJB,beach,Ja,Petit Bot Bay,Fahrrad,9,49.425931,-2.581729,1.77,28,9,3,Fahrrad,9,Petit Bot Bay,https://www.visitguernsey.com/,2026-08-02
1.2,EGJB:lake,EGJB,lake,Nein,,,,,,,,,,,,,https://www.visitguernsey.com/,2026-08-02
1.2,EGJB:mountain,EGJB,mountain,Nein,,,,,,,,,,,,,https://www.visitguernsey.com/,2026-08-02
1.2,EGJB:wellness,EGJB,wellness,Nein,,,,,,,,,,,,,https://www.visitguernsey.com/,2026-08-02
1.2,EGJJ:techstop,EGJJ,techstop,Nein,,,,,,,,,,,,,,2026-08-02
1.2,EGJJ:breakfast,EGJJ,breakfast,Nein,,,,,,,,,,,,,,2026-08-03
1.2,EGJJ:city,EGJJ,city,Nein,,,,,,,,,,,,,,2026-08-04
1.2,EGJJ:beach,EGJJ,beach,Ja,St Ouen’s Bay,Fahrrad,22,49.233177,-2.239389,4.26,67,22,7,Fahrrad,22,St Ouen’s Bay,https://www.jersey.com/,2026-08-02
1.2,EGJJ:lake,EGJJ,lake,Nein,,,,,,,,,,,,,https://www.jersey.com/,2026-08-02
1.2,EGJJ:mountain,EGJJ,mountain,Nein,,,,,,,,,,,,,https://www.jersey.com/,2026-08-02
1.2,EGJJ:wellness,EGJJ,wellness,Grenzfall,"The Club Hotel & Spa, St Helier",Fahrrad,38,49.18152,-2.102398,7.36,115,38,11,Fahrrad,38,"The Club Hotel & Spa, St Helier",https://www.jersey.com/,2026-08-02
1.2,EGKA:techstop,EGKA,techstop,Nein,,,,,,,,,,,,,,2026-08-02
1.2,EGKA:breakfast,EGKA,breakfast,Nein,,,,,,,,,,,,,,2026-08-03
1.2,EGKA:city,EGKA,city,Nein,,,,,,,,,,,,,,2026-08-04
1.2,EGKA:beach,EGKA,beach,Ja,Lancing Beach,Fahrrad,14,50.819416,-0.3254,2.68,42,14,4,Fahrrad,14,Lancing Beach,https://www.visitbrighton.com/,2026-08-02
1.2,EGKA:lake,EGKA,lake,Nein,,,,,,,,,,,,,https://www.visitbrighton.com/,2026-08-02
1.2,EGKA:mountain,EGKA,mountain,Nein,,,,,,,,,,,,,https://www.visitbrighton.com/,2026-08-02
1.2,EGKA:wellness,EGKA,wellness,Nein,,,,,,,,,,,,,https://www.visitbrighton.com/,2026-08-02
1.2,EHAL:techstop,EHAL,techstop,Nein,,,,,,,,,,,,,,2026-08-02
1.2,EHAL:breakfast,EHAL,breakfast,Nein,,,,,,,,,,,,,,2026-08-03
1.2,EHAL:city,EHAL,city,Nein,,,,,,,,,,,,,,2026-08-04
1.2,EHAL:beach,EHAL,beach,Ja,Nordseestrand Ameland,Fahrrad,21,53.449616,5.61502,4.12,64,21,6,Fahrrad,21,Nordseestrand Ameland,https://www.vvvameland.nl/en/,2026-08-02
1.2,EHAL:lake,EHAL,lake,Nein,,,,,,,,,,,,,https://www.vvvameland.nl/en/,2026-08-02
1.2,EHAL:mountain,EHAL,mountain,Nein,,,,,,,,,,,,,https://www.vvvameland.nl/en/,2026-08-02
1.2,EHAL:wellness,EHAL,wellness,Grenzfall,"Amelander Kaap, Hollum",Fahrrad,13,53.447044,5.640145,2.51,39,13,4,Fahrrad,13,"Amelander Kaap, Hollum",https://www.vvvameland.nl/en/,2026-08-02
1.2,EHHV:techstop,EHHV,techstop,Nein,,,,,,,,,,,,,,2026-08-03
1.2,EHHV:breakfast,EHHV,breakfast,Nein,,,,,,,,,,,,,,2026-08-03
1.2,EHHV:city,EHHV,city,Nein,,,,,,,,,,,,,,2026-08-04
1.2,EHHV:beach,EHHV,beach,Nein,Strandjes an den Loosdrechtse Plassen,Taxi/Fahrrad,18,,,7,,,,Taxi/Fahrrad,18,Strandjes an den Loosdrechtse Plassen,https://www.visitgooivecht.nl/nl/ontdek-gooi-vecht/op-langs-het-water,2026-08-03
1.2,EHHV:lake,EHHV,lake,Ja,Loosdrechtse Plassen,Taxi/Fahrrad,15,,,6,,,,Taxi/Fahrrad,15,Loosdrechtse Plassen,https://www.visitgooivecht.nl/en/locations/4151684671/loosdrechtse-plassen,2026-08-03
1.2,EHHV:mountain,EHHV,mountain,Nein,,,,,,,,,,,,,https://www.visitgooivecht.nl/en/discover-gooi-vecht,2026-08-03
1.2,EHHV:wellness,EHHV,wellness,Nein,,,,,,,,,,,,,https://www.visitgooivecht.nl/en/discover-gooi-vecht,2026-08-03
1.2,EHLE:techstop,EHLE,techstop,Nein,,,,,,,,,,,,,,2026-08-03
1.2,EHLE:breakfast,EHLE,breakfast,Nein,,,,,,,,,,,,,,2026-08-03
1.2,EHLE:city,EHLE,city,Nein,,,,,,,,,,,,,,2026-08-04
1.2,EHLE:beach,EHLE,beach,Nein,Bataviastrand am Markermeer,Taxi/Auto,20,,,15,,,,Taxi/Auto,20,Bataviastrand am Markermeer,https://www.visitlelystad.nl/de/standorte/4205158778/strand-von-batavia,2026-08-03
1.2,EHLE:lake,EHLE,lake,Ja,Markermeer / Bataviahaven,Taxi/Auto,20,,,14,,,,Taxi/Auto,20,Markermeer / Bataviahaven,https://www.visitlelystad.nl/de/standorte/4205158778/strand-von-batavia,2026-08-03
1.2,EHLE:mountain,EHLE,mountain,Nein,,,,,,,,,,,,,https://www.visitlelystad.nl/en,2026-08-03
1.2,EHLE:wellness,EHLE,wellness,Nein,,,,,,,,,,,,,https://www.visitlelystad.nl/en,2026-08-03
1.2,EHMZ:techstop,EHMZ,techstop,Nein,,,,,,,,,,,,,,2026-08-02
1.2,EHMZ:breakfast,EHMZ,breakfast,Nein,,,,,,,,,,,,,,2026-08-03
1.2,EHMZ:city,EHMZ,city,Nein,,,,,,,,,,,,,,2026-08-04
1.2,EHMZ:beach,EHMZ,beach,Ja,Nollestrand Vlissingen,E-Roller,43,51.450667,3.551362,14.2,222,62,22,E-Roller,43,Nollestrand Vlissingen,https://www.zeeland.com/en/visit,2026-08-13
1.2,EHMZ:lake,EHMZ,lake,Ja,Veerse Meer bei Veere,Fahrrad,32,51.54795,3.663546,6.14,96,32,9,Fahrrad,32,Veerse Meer bei Veere,https://www.zeeland.com/en/visit,2026-08-02
1.2,EHMZ:mountain,EHMZ,mountain,Nein,,,,,,,,,,,,,https://www.zeeland.com/en/visit,2026-08-02
1.2,EHMZ:wellness,EHMZ,wellness,Nein,,,,,,,,,,,,,https://www.zeeland.com/en/visit,2026-08-02
1.2,EHTX:techstop,EHTX,techstop,Nein,,,,,,,,,,,,,,2026-08-02
1.2,EHTX:breakfast,EHTX,breakfast,Nein,,,,,,,,,,,,,,2026-08-03
1.2,EHTX:city,EHTX,city,Nein,,,,,,,,,,,,,,2026-08-04
1.2,EHTX:beach,EHTX,beach,Ja,Strand Paal 17 De Koog,Fahrrad,39,53.08086,4.736208,7.53,118,39,12,Fahrrad,39,Strand Paal 17 De Koog,https://www.texel.net/en/,2026-08-02
1.2,EHTX:lake,EHTX,lake,Nein,,,,,,,,,,,,,https://www.texel.net/en/,2026-08-02
1.2,EHTX:mountain,EHTX,mountain,Nein,,,,,,,,,,,,,https://www.texel.net/en/,2026-08-02
1.2,EHTX:wellness,EHTX,wellness,Nein,,,,,,,,,,,,,https://www.texel.net/en/,2026-08-02
1.2,EKAE:techstop,EKAE,techstop,Nein,,,,,,,,,,,,,,2026-08-02
1.2,EKAE:breakfast,EKAE,breakfast,Nein,,,,,,,,,,,,,,2026-08-03
1.2,EKAE:city,EKAE,city,Nein,,,,,,,,,,,,,,2026-08-04
1.2,EKAE:beach,EKAE,beach,Ja,"Vester Strand, Ærø",Fahrrad,22,54.885767,10.301196,4.33,68,22,7,Fahrrad,22,"Vester Strand, Ærø",https://www.visitaeroe.com/,2026-08-02
1.2,EKAE:lake,EKAE,lake,Nein,,,,,,,,,,,,,https://www.visitaeroe.com/,2026-08-02
1.2,EKAE:mountain,EKAE,mountain,Nein,,,,,,,,,,,,,https://www.visitaeroe.com/,2026-08-02
1.2,EKAE:wellness,EKAE,wellness,Nein,,,,,,,,,,,,,https://www.visitaeroe.com/,2026-08-02
1.2,EKRN:techstop,EKRN,techstop,Nein,,,,,,,,,,,,,,2026-08-02
1.2,EKRN:breakfast,EKRN,breakfast,Nein,,,,,,,,,,,,,,2026-08-03
1.2,EKRN:city,EKRN,city,Nein,,,,,,,,,,,,,,2026-08-04
1.2,EKRN:beach,EKRN,beach,Ja,"Arnager Beach, Bornholm",Fahrrad,9,55.052787,14.778596,1.69,26,9,3,Fahrrad,9,"Arnager Beach, Bornholm",https://bornholm.info/en/,2026-08-02
1.2,EKRN:lake,EKRN,lake,Nein,,,,,,,,,,,,,https://bornholm.info/en/,2026-08-02
1.2,EKRN:mountain,EKRN,mountain,Nein,,,,,,,,,,,,,https://bornholm.info/en/,2026-08-02
1.2,EKRN:wellness,EKRN,wellness,Nein,,,,,,,,,,,,,https://bornholm.info/en/,2026-08-02
1.2,EKSB:techstop,EKSB,techstop,Nein,,,,,,,,,,,,,,2026-08-02
1.2,EKSB:breakfast,EKSB,breakfast,Nein,,,,,,,,,,,,,,2026-08-03
1.2,EKSB:city,EKSB,city,Nein,,,,,,,,,,,,,,2026-08-04
1.2,EKSB:beach,EKSB,beach,Ja,Vemmingbund Strand,E-Roller,42,54.894798,9.702674,9.6,150,64,15,E-Roller,42,Vemmingbund Strand,https://www.visitsonderborg.com/,2026-08-13
1.2,EKSB:lake,EKSB,lake,Nein,,,,,,,,,,,,,https://www.visitsonderborg.com/,2026-08-02
1.2,EKSB:mountain,EKSB,mountain,Nein,,,,,,,,,,,,,https://www.visitsonderborg.com/,2026-08-02
1.2,EKSB:wellness,EKSB,wellness,Grenzfall,"Alsik Hotel & Spa, Sønderborg",Fahrrad,29,54.914975,9.782679,5.53,86,29,8,Fahrrad,29,"Alsik Hotel & Spa, Sønderborg",https://www.visitsonderborg.com/,2026-08-02
1.2,EKSS:techstop,EKSS,techstop,Nein,,,,,,,,,,,,,,2026-08-02
1.2,EKSS:breakfast,EKSS,breakfast,Nein,,,,,,,,,,,,,,2026-08-03
1.2,EKSS:city,EKSS,city,Nein,,,,,,,,,,,,,,2026-08-04
1.2,EKSS:beach,EKSS,beach,Ja,"Ballen Strand, Samsø",Fahrrad,41,55.818883,10.6375,7.96,124,41,12,Fahrrad,41,"Ballen Strand, Samsø",https://www.visitsamsoe.dk/en/,2026-08-02
1.2,EKSS:lake,EKSS,lake,Nein,,,,,,,,,,,,,https://www.visitsamsoe.dk/en/,2026-08-02
1.2,EKSS:mountain,EKSS,mountain,Nein,,,,,,,,,,,,,https://www.visitsamsoe.dk/en/,2026-08-02
1.2,EKSS:wellness,EKSS,wellness,Nein,,,,,,,,,,,,,https://www.visitsamsoe.dk/en/,2026-08-02
1.2,EKVJ:techstop,EKVJ,techstop,Nein,,,,,,,,,,,,,,2026-08-02
1.2,EKVJ:breakfast,EKVJ,breakfast,Nein,,,,,,,,,,,,,,2026-08-03
1.2,EKVJ:city,EKVJ,city,Nein,,,,,,,,,,,,,,2026-08-04
1.2,EKVJ:beach,EKVJ,beach,Nein,,,,,,,,,,,,,https://www.visitvesterhavet.com/,2026-08-13
1.2,EKVJ:lake,EKVJ,lake,Ja,"Ringkøbing Fjord, Bork Havn",Auto,25,55.848473,8.277511,16.47,257,86,25,Auto,25,"Ringkøbing Fjord, Bork Havn",https://www.visitvesterhavet.com/,2026-08-02
1.2,EKVJ:mountain,EKVJ,mountain,Nein,,,,,,,,,,,,,https://www.visitvesterhavet.com/,2026-08-02
1.2,EKVJ:wellness,EKVJ,wellness,Nein,,,,,,,,,,,,,https://www.visitvesterhavet.com/,2026-08-02
1.2,EPJA:techstop,EPJA,techstop,Nein,,,,,,,,,,,,,,2026-08-02
1.2,EPJA:breakfast,EPJA,breakfast,Nein,,,,,,,,,,,,,,2026-08-03
1.2,EPJA:city,EPJA,city,Nein,,,,,,,,,,,,,,2026-08-04
1.2,EPJA:beach,EPJA,beach,Ja,Plaża Jastarnia,zu Fuß,15,54.706507,18.668972,0.95,15,5,1,zu Fuß,15,Plaża Jastarnia,https://www.jastarnia.pl/,2026-08-02
1.2,EPJA:lake,EPJA,lake,Nein,,,,,,,,,,,,,https://www.jastarnia.pl/,2026-08-02
1.2,EPJA:mountain,EPJA,mountain,Nein,,,,,,,,,,,,,https://www.jastarnia.pl/,2026-08-02
1.2,EPJA:wellness,EPJA,wellness,Ja,"Hotel Bryza Resort & Spa, Jurata",Fahrrad,17,54.684983,18.71745,3.28,51,17,5,Fahrrad,17,"Hotel Bryza Resort & Spa, Jurata",https://www.jastarnia.pl/,2026-08-02
1.2,ESMH:techstop,ESMH,techstop,Nein,,,,,,,,,,,,,,2026-08-02
1.2,ESMH:breakfast,ESMH,breakfast,Nein,,,,,,,,,,,,,,2026-08-03
1.2,ESMH:city,ESMH,city,Nein,,,,,,,,,,,,,,2026-08-04
1.2,ESMH:beach,ESMH,beach,Ja,Höganäs havsbad,Fahrrad,10,56.197939,12.553364,1.92,30,10,3,Fahrrad,10,Höganäs havsbad,https://www.visitskane.com/,2026-08-02
1.2,ESMH:lake,ESMH,lake,Nein,,,,,,,,,,,,,https://www.visitskane.com/,2026-08-02
1.2,ESMH:mountain,ESMH,mountain,Grenzfall,Kullaberg Naturreservat,Auto,18,56.295904,12.46825,11.95,187,62,18,Auto,18,Kullaberg Naturreservat,https://www.visitskane.com/,2026-08-02
1.2,ESMH:wellness,ESMH,wellness,Nein,,,,,,,,,,,,,https://www.visitskane.com/,2026-08-02
1.2,ETSI:techstop,ETSI,techstop,Ja,"Technisch exzellent, aber zeitlich weniger flexibel.",,,,,,,,,,,"Technisch leistungsfähiger Knoten für Bayern, Tschechien und Österreich",https://www.etsi-airport.de/,2026-08-03
1.2,ETSI:breakfast,ETSI,breakfast,Nein,,,,,,,,,,,,,,2026-08-03
1.2,ETSI:city,ETSI,city,Nein,,,,,,,,,,,,,,2026-08-04
1.2,ETSI:beach,ETSI,beach,Nein,,,,,,,,,,,,,,2026-08-03
1.2,ETSI:lake,ETSI,lake,Nein,,,,,,,,,,,,,,2026-08-03
1.2,ETSI:mountain,ETSI,mountain,Nein,,,,,,,,,,,,,,2026-08-03
1.2,ETSI:wellness,ETSI,wellness,Nein,,,,,,,,,,,,,,2026-08-03
1.2,LDLO:techstop,LDLO,techstop,Nein,,,,,,,,,,,,,,2026-08-02
1.2,LDLO:breakfast,LDLO,breakfast,Nein,,,,,,,,,,,,,,2026-08-03
1.2,LDLO:city,LDLO,city,Nein,,,,,,,,,,,,,,2026-08-04
1.2,LDLO:beach,LDLO,beach,Ja,Plaža Čikat,Fahrrad,20,44.533232,14.453132,3.89,61,20,6,Fahrrad,20,Plaža Čikat,https://www.visitlosinj.hr/,2026-08-02
1.2,LDLO:lake,LDLO,lake,Nein,,,,,,,,,,,,,https://www.visitlosinj.hr/,2026-08-02
1.2,LDLO:mountain,LDLO,mountain,Nein,,,,,,,,,,,,,https://www.visitlosinj.hr/,2026-08-02
1.2,LDLO:wellness,LDLO,wellness,Ja,"Vitality Hotel Punta, Veli Lošinj",Fahrrad,27,44.523551,14.497041,5.13,80,27,8,Fahrrad,27,"Vitality Hotel Punta, Veli Lošinj",https://www.visitlosinj.hr/,2026-08-02
1.2,LDPV:techstop,LDPV,techstop,Nein,,,,,,,,,,,,,,2026-08-02
1.2,LDPV:breakfast,LDPV,breakfast,Nein,,,,,,,,,,,,,,2026-08-03
1.2,LDPV:city,LDPV,city,Nein,,,,,,,,,,,,,,2026-08-04
1.2,LDPV:beach,LDPV,beach,Ja,Petalon Vrsar,Fahrrad,15,45.140289,13.602159,2.92,46,15,4,Fahrrad,15,Petalon Vrsar,https://www.crocontrol.hr/,2026-08-02
1.2,LDPV:lake,LDPV,lake,Nein,,,,,,,,,,,,,https://www.crocontrol.hr/,2026-08-02
1.2,LDPV:mountain,LDPV,mountain,Nein,,,,,,,,,,,,,https://www.crocontrol.hr/,2026-08-02
1.2,LDPV:wellness,LDPV,wellness,Nein,,,,,,,,,,,,,https://www.crocontrol.hr/,2026-08-02
1.2,LDRI:techstop,LDRI,techstop,Nein,,,,,,,,,,,,,,2026-08-02
1.2,LDRI:breakfast,LDRI,breakfast,Nein,,,,,,,,,,,,,,2026-08-03
1.2,LDRI:city,LDRI,city,Nein,,,,,,,,,,,,,,2026-08-04
1.2,LDRI:beach,LDRI,beach,Ja,"Pešja Beach, Omišalj",Fahrrad,9,45.207834,14.551391,1.79,28,9,3,Fahrrad,9,"Pešja Beach, Omišalj",https://www.visitkrk.com/en/,2026-08-02
1.2,LDRI:lake,LDRI,lake,Nein,,,,,,,,,,,,,https://www.visitkrk.com/en/,2026-08-02
1.2,LDRI:mountain,LDRI,mountain,Nein,,,,,,,,,,,,,https://www.visitkrk.com/en/,2026-08-02
1.2,LDRI:wellness,LDRI,wellness,Nein,,,,,,,,,,,,,https://www.visitkrk.com/en/,2026-08-02
1.2,LFAT:techstop,LFAT,techstop,Nein,,,,,,,,,,,,,,2026-08-02
1.2,LFAT:breakfast,LFAT,breakfast,Nein,,,,,,,,,,,,,,2026-08-03
1.2,LFAT:city,LFAT,city,Nein,,,,,,,,,,,,,,2026-08-04
1.2,LFAT:beach,LFAT,beach,Ja,Plage Le Touquet,Fahrrad,16,50.521976,1.57829,3.03,47,16,5,Fahrrad,16,Plage Le Touquet,https://www.letouquet.com/,2026-08-02
1.2,LFAT:lake,LFAT,lake,Nein,,,,,,,,,,,,,https://www.letouquet.com/,2026-08-02
1.2,LFAT:mountain,LFAT,mountain,Nein,,,,,,,,,,,,,https://www.letouquet.com/,2026-08-02
1.2,LFAT:wellness,LFAT,wellness,Ja,Thalassa Sea & Spa Le Touquet,Fahrrad,16,50.514346,1.578071,3.03,47,16,5,Fahrrad,16,Thalassa Sea & Spa Le Touquet,https://www.letouquet.com/,2026-08-02
1.2,LFGA:techstop,LFGA,techstop,Nein,,,,,,,,,,,,,,2026-08-02
1.2,LFGA:breakfast,LFGA,breakfast,Nein,,,,,,,,,,,,,,2026-08-03
1.2,LFGA:city,LFGA,city,Ja,Altstadt Colmar,,,,,,,,,,,Altstadt Colmar,,2026-08-04
1.2,LFGA:beach,LFGA,beach,Nein,,,,,,,,,,,,,https://www.tourisme-colmar.com/en/,2026-08-02
1.2,LFGA:lake,LFGA,lake,Nein,,,,,,,,,,,,,https://www.tourisme-colmar.com/en/,2026-08-02
1.2,LFGA:mountain,LFGA,mountain,Grenzfall,"Drei Burgen Eguisheim, Vogesen",Auto,16,48.04004,7.270434,10.2,159,53,16,Auto,16,"Drei Burgen Eguisheim, Vogesen",https://www.tourisme-colmar.com/en/,2026-08-02
1.2,LFGA:wellness,LFGA,wellness,Grenzfall,Balnéo Barrière Ribeauvillé,Fahrrad,45,48.187759,7.347988,8.69,136,45,13,Fahrrad,45,Balnéo Barrière Ribeauvillé,https://www.tourisme-colmar.com/en/,2026-08-02
1.2,LFKB:techstop,LFKB,techstop,Nein,,,,,,,,,,,,,,2026-08-02
1.2,LFKB:breakfast,LFKB,breakfast,Nein,,,,,,,,,,,,,,2026-08-03
1.2,LFKB:city,LFKB,city,Nein,,,,,,,,,,,,,,2026-08-04
1.2,LFKB:beach,LFKB,beach,Ja,"Plage de la Marana, Borgo",Fahrrad,38,42.5726679,9.5231268,3.9,165,38,15,Fahrrad,38,"Plage de la Marana, Borgo",https://www.bastia-tourisme.com/que-faire/plage-de-la-marana/,2026-08-13
1.2,LFKB:lake,LFKB,lake,Nein,,,,,,,,,,,,,https://www.bastia-tourisme.com/,2026-08-02
1.2,LFKB:mountain,LFKB,mountain,Grenzfall,"Belvédère de Bastia, Pietrabugno",Auto,28,42.717342,9.442344,18.61,291,97,28,Auto,28,"Belvédère de Bastia, Pietrabugno",https://www.bastia-tourisme.com/,2026-08-02
1.2,LFKB:wellness,LFKB,wellness,Nein,,,,,,,,,,,,,https://www.bastia-tourisme.com/,2026-08-02
1.2,LFKF:techstop,LFKF,techstop,Nein,,,,,,,,,,,,,,2026-08-02
1.2,LFKF:breakfast,LFKF,breakfast,Nein,,,,,,,,,,,,,,2026-08-03
1.2,LFKF:city,LFKF,city,Nein,,,,,,,,,,,,,,2026-08-04
1.2,LFKF:beach,LFKF,beach,Ja,"Plage de San Giovanni, Pianottoli",Fahrrad,31,41.459422,9.051489,5.99,94,31,9,Fahrrad,31,"Plage de San Giovanni, Pianottoli",https://www.bonifacio.fr/,2026-08-02
1.2,LFKF:lake,LFKF,lake,Nein,,,,,,,,,,,,,https://www.bonifacio.fr/,2026-08-02
1.2,LFKF:mountain,LFKF,mountain,Nein,,,,,,,,,,,,,https://www.bonifacio.fr/,2026-08-02
1.2,LFKF:wellness,LFKF,wellness,Nein,,,,,,,,,,,,,https://www.bonifacio.fr/,2026-08-02
1.2,LFKJ:techstop,LFKJ,techstop,Nein,,,,,,,,,,,,,,2026-08-02
1.2,LFKJ:breakfast,LFKJ,breakfast,Nein,,,,,,,,,,,,,,2026-08-03
1.2,LFKJ:city,LFKJ,city,Nein,,,,,,,,,,,,,,2026-08-04
1.2,LFKJ:beach,LFKJ,beach,Ja,"Plage du Ricanto, Ajaccio",Fahrrad,12,41.926899,8.775829,2.27,35,12,3,Fahrrad,12,"Plage du Ricanto, Ajaccio",https://www.ajaccio-tourisme.com/,2026-08-02
1.2,LFKJ:lake,LFKJ,lake,Nein,,,,,,,,,,,,,https://www.ajaccio-tourisme.com/,2026-08-02
1.2,LFKJ:mountain,LFKJ,mountain,Grenzfall,"Sentier des Crêtes, Bois des Anglais",Fahrrad,33,41.918264,8.725447,6.44,101,33,10,Fahrrad,33,"Sentier des Crêtes, Bois des Anglais",https://www.ajaccio-tourisme.com/,2026-08-02
1.2,LFKJ:wellness,LFKJ,wellness,Grenzfall,"Sofitel Thalassa, Golfe d’Ajaccio",Fahrrad,25,41.883136,8.780296,4.87,76,25,7,Fahrrad,25,"Sofitel Thalassa, Golfe d’Ajaccio",https://www.ajaccio-tourisme.com/,2026-08-02
1.2,LFLP:techstop,LFLP,techstop,Nein,,,,,,,,,,,,,,2026-08-02
1.2,LFLP:breakfast,LFLP,breakfast,Nein,,,,,,,,,,,,,,2026-08-03
1.2,LFLP:city,LFLP,city,Nein,,,,,,,,,,,,,,2026-08-04
1.2,LFLP:beach,LFLP,beach,Nein,,,,,,,,,,,,,https://en.lac-annecy.com/,2026-08-02
1.2,LFLP:lake,LFLP,lake,Ja,"Plage d’Albigny, Lac d’Annecy",Fahrrad,22,45.904456,6.14856,4.28,67,22,7,Fahrrad,22,"Plage d’Albigny, Lac d’Annecy",https://en.lac-annecy.com/,2026-08-02
1.2,LFLP:mountain,LFLP,mountain,Grenzfall,Mont Veyrier Wanderweg,Fahrrad,26,45.903976,6.159927,5.01,78,26,8,Fahrrad,26,Mont Veyrier Wanderweg,https://en.lac-annecy.com/,2026-08-02
1.2,LFLP:wellness,LFLP,wellness,Grenzfall,Rivage Hôtel & Spa Annecy,Fahrrad,23,45.905979,6.151998,4.38,69,23,7,Fahrrad,23,Rivage Hôtel & Spa Annecy,https://en.lac-annecy.com/,2026-08-02
1.2,LFMD:techstop,LFMD,techstop,Nein,,,,,,,,,,,,,,2026-08-02
1.2,LFMD:breakfast,LFMD,breakfast,Nein,,,,,,,,,,,,,,2026-08-03
1.2,LFMD:city,LFMD,city,Nein,,,,,,,,,,,,,,2026-08-04
1.2,LFMD:beach,LFMD,beach,Ja,"Plage du Midi, Cannes",Fahrrad,14,43.548159,6.985144,2.64,41,14,4,Fahrrad,14,"Plage du Midi, Cannes",https://www.cannes-france.com/,2026-08-02
1.2,LFMD:lake,LFMD,lake,Nein,,,,,,,,,,,,,https://www.cannes-france.com/,2026-08-02
1.2,LFMD:mountain,LFMD,mountain,Ja,Sentier de l’Estérel,Auto,31,43.409649,6.783035,20.14,315,105,31,Auto,31,Sentier de l’Estérel,https://www.cannes-france.com/,2026-08-02
1.2,LFMD:wellness,LFMD,wellness,Ja,Thermes Marins de Cannes,Fahrrad,24,43.54881,7.010932,4.69,73,24,7,Fahrrad,24,Thermes Marins de Cannes,https://www.cannes-france.com/,2026-08-02
1.2,LFMP:techstop,LFMP,techstop,Nein,,,,,,,,,,,,,,2026-08-02
1.2,LFMP:breakfast,LFMP,breakfast,Nein,,,,,,,,,,,,,,2026-08-03
1.2,LFMP:city,LFMP,city,Nein,,,,,,,,,,,,,,2026-08-04
1.2,LFMP:beach,LFMP,beach,Nein,,,,,,,,,,,,,https://www.perpignantourisme.com/,2026-08-13
1.2,LFMP:lake,LFMP,lake,Ja,Lac de Villeneuve-de-la-Raho,Auto,19,42.62933,2.905113,12.67,198,66,19,Auto,19,Lac de Villeneuve-de-la-Raho,https://www.perpignantourisme.com/,2026-08-02
1.2,LFMP:mountain,LFMP,mountain,Nein,,,,,,,,,,,,,https://www.perpignantourisme.com/,2026-08-02
1.2,LFMP:wellness,LFMP,wellness,Ja,"Les Flamants Roses Thalasso, Canet",Auto,23,42.674599,3.033066,15.15,237,79,23,Auto,23,"Les Flamants Roses Thalasso, Canet",https://www.perpignantourisme.com/,2026-08-02
1.2,LFMU:techstop,LFMU,techstop,Nein,,,,,,,,,,,,,,2026-08-02
1.2,LFMU:breakfast,LFMU,breakfast,Nein,,,,,,,,,,,,,,2026-08-03
1.2,LFMU:city,LFMU,city,Nein,,,,,,,,,,,,,,2026-08-04
1.2,LFMU:beach,LFMU,beach,Ja,Plage de Portiragnes,Fahrrad,27,43.277229,3.363072,5.2,81,27,8,Fahrrad,27,Plage de Portiragnes,https://www.beziers.aeroport.fr/en/aviation-privee/aviation-privee/,2026-08-02
1.2,LFMU:lake,LFMU,lake,Nein,,,,,,,,,,,,,https://www.beziers.aeroport.fr/en/aviation-privee/aviation-privee/,2026-08-02
1.2,LFMU:mountain,LFMU,mountain,Nein,,,,,,,,,,,,,https://www.beziers.aeroport.fr/en/aviation-privee/aviation-privee/,2026-08-02
1.2,LFMU:wellness,LFMU,wellness,Nein,,,,,,,,,,,,,https://www.beziers.aeroport.fr/en/aviation-privee/aviation-privee/,2026-08-02
1.2,LFRD:techstop,LFRD,techstop,Nein,,,,,,,,,,,,,,2026-08-02
1.2,LFRD:breakfast,LFRD,breakfast,Nein,,,,,,,,,,,,,,2026-08-03
1.2,LFRD:city,LFRD,city,Nein,,,,,,,,,,,,,,2026-08-04
1.2,LFRD:beach,LFRD,beach,Ja,"Plage Saint-Enogat, Dinard",Fahrrad,30,48.638889,-2.069124,5.74,90,30,9,Fahrrad,30,"Plage Saint-Enogat, Dinard",https://www.dinardemeraudetourisme.com/,2026-08-02
1.2,LFRD:lake,LFRD,lake,Nein,,,,,,,,,,,,,https://www.dinardemeraudetourisme.com/,2026-08-02
1.2,LFRD:mountain,LFRD,mountain,Nein,,,,,,,,,,,,,https://www.dinardemeraudetourisme.com/,2026-08-02
1.2,LFRD:wellness,LFRD,wellness,Ja,EMERIA Dinard Thalasso & Spa,Fahrrad,30,48.639439,-2.07409,5.76,90,30,9,Fahrrad,30,EMERIA Dinard Thalasso & Spa,https://www.dinardemeraudetourisme.com/,2026-08-02
1.2,LFRF:techstop,LFRF,techstop,Nein,,,,,,,,,,,,,,2026-08-02
1.2,LFRF:breakfast,LFRF,breakfast,Nein,,,,,,,,,,,,,,2026-08-03
1.2,LFRF:city,LFRF,city,Nein,,,,,,,,,,,,,,2026-08-04
1.2,LFRF:beach,LFRF,beach,Ja,Plage de Donville-les-Bains,Fahrrad,21,48.849893,-1.584201,3.97,62,21,6,Fahrrad,21,Plage de Donville-les-Bains,https://www.tourisme-granville-terre-mer.com/en/,2026-08-02
1.2,LFRF:lake,LFRF,lake,Nein,,,,,,,,,,,,,https://www.tourisme-granville-terre-mer.com/en/,2026-08-02
1.2,LFRF:mountain,LFRF,mountain,Nein,,,,,,,,,,,,,https://www.tourisme-granville-terre-mer.com/en/,2026-08-02
1.2,LFRF:wellness,LFRF,wellness,Ja,"Prévithal Thalasso, Donville",Fahrrad,19,48.852107,-1.581512,3.67,57,19,6,Fahrrad,19,"Prévithal Thalasso, Donville",https://www.tourisme-granville-terre-mer.com/en/,2026-08-02
1.2,LFRG:techstop,LFRG,techstop,Nein,,,,,,,,,,,,,,2026-08-02
1.2,LFRG:breakfast,LFRG,breakfast,Nein,,,,,,,,,,,,,,2026-08-03
1.2,LFRG:city,LFRG,city,Nein,,,,,,,,,,,,,,2026-08-04
1.2,LFRG:beach,LFRG,beach,Ja,"Les Planches, Deauville",Fahrrad,33,49.361396,0.068081,6.25,98,33,10,Fahrrad,33,"Les Planches, Deauville",https://www.indeauville.fr/,2026-08-02
1.2,LFRG:lake,LFRG,lake,Nein,,,,,,,,,,,,,https://www.indeauville.fr/,2026-08-02
1.2,LFRG:mountain,LFRG,mountain,Nein,,,,,,,,,,,,,https://www.indeauville.fr/,2026-08-02
1.2,LFRG:wellness,LFRG,wellness,Ja,Thalasso Deauville Algotherm,Fahrrad,33,49.359701,0.067049,6.34,99,33,10,Fahrrad,33,Thalasso Deauville Algotherm,https://www.indeauville.fr/,2026-08-02
1.2,LFTH:techstop,LFTH,techstop,Nein,,,,,,,,,,,,,,2026-08-02
1.2,LFTH:breakfast,LFTH,breakfast,Nein,,,,,,,,,,,,,,2026-08-03
1.2,LFTH:city,LFTH,city,Nein,,,,,,,,,,,,,,2026-08-04
1.2,LFTH:beach,LFTH,beach,Ja,"Plage de l’Almanarre, Hyères",Fahrrad,18,43.068418,6.130002,3.46,54,18,5,Fahrrad,18,"Plage de l’Almanarre, Hyères",https://www.hyeres-tourisme.com/,2026-08-02
1.2,LFTH:lake,LFTH,lake,Nein,,,,,,,,,,,,,https://www.hyeres-tourisme.com/,2026-08-02
1.2,LFTH:mountain,LFTH,mountain,Nein,,,,,,,,,,,,,https://www.hyeres-tourisme.com/,2026-08-02
1.2,LFTH:wellness,LFTH,wellness,Ja,"Thalasso Hyères, Allée de la Mer",Fahrrad,23,43.057634,6.147769,4.41,69,23,7,Fahrrad,23,"Thalasso Hyères, Allée de la Mer",https://www.hyeres-tourisme.com/,2026-08-02
1.2,LIDT:techstop,LIDT,techstop,Nein,,,,,,,,,,,,,,2026-08-02
1.2,LIDT:breakfast,LIDT,breakfast,Nein,,,,,,,,,,,,,,2026-08-03
1.2,LIDT:city,LIDT,city,Nein,,,,,,,,,,,,,,2026-08-04
1.2,LIDT:beach,LIDT,beach,Nein,,,,,,,,,,,,,https://www.visittrentino.info/en,2026-08-02
1.2,LIDT:lake,LIDT,lake,Ja,Lago di Caldonazzo und Trentiner Natur,Auto,15,46.003223,11.247409,9.73,152,51,15,Auto,15,Lago di Caldonazzo und Trentiner Natur,https://www.visittrentino.info/en,2026-08-02
1.2,LIDT:mountain,LIDT,mountain,Ja,Trentino und Dolomiten,Fahrrad,28,46.069597,11.115777,5.4,84,28,8,Fahrrad,28,Trentino und Dolomiten,https://www.visittrentino.info/en,2026-08-02
1.2,LIDT:wellness,LIDT,wellness,Grenzfall,Terme di Levico,Auto,20,46.014627,11.297362,13.39,209,70,20,Auto,20,Terme di Levico,https://www.visittrentino.info/en,2026-08-02
1.2,LIEA:techstop,LIEA,techstop,Nein,,,,,,,,,,,,,,2026-08-02
1.2,LIEA:breakfast,LIEA,breakfast,Nein,,,,,,,,,,,,,,2026-08-03
1.2,LIEA:city,LIEA,city,Nein,,,,,,,,,,,,,,2026-08-04
1.2,LIEA:beach,LIEA,beach,Ja,"Spiaggia Maria Pia, Alghero",Fahrrad,30,40.581492,8.309578,5.85,91,30,9,Fahrrad,30,"Spiaggia Maria Pia, Alghero",https://www.algheroturismo.eu/,2026-08-02
1.2,LIEA:lake,LIEA,lake,Nein,,,,,,,,,,,,,https://www.algheroturismo.eu/,2026-08-02
1.2,LIEA:mountain,LIEA,mountain,Nein,,,,,,,,,,,,,https://www.algheroturismo.eu/,2026-08-02
1.2,LIEA:wellness,LIEA,wellness,Grenzfall,"Hotel El Faro, Porto Conte",Fahrrad,44,40.593273,8.205493,8.39,131,44,13,Fahrrad,44,"Hotel El Faro, Porto Conte",https://www.algheroturismo.eu/,2026-08-02
1.2,LIEE:techstop,LIEE,techstop,Nein,,,,,,,,,,,,,,2026-08-02
1.2,LIEE:breakfast,LIEE,breakfast,Nein,,,,,,,,,,,,,,2026-08-03
1.2,LIEE:city,LIEE,city,Nein,,,,,,,,,,,,,,2026-08-04
1.2,LIEE:beach,LIEE,beach,Nein,,,,,,,,,,,,,https://cagliariturismo.comune.cagliari.it/,2026-08-13
1.2,LIEE:lake,LIEE,lake,Nein,,,,,,,,,,,,,https://cagliariturismo.comune.cagliari.it/,2026-08-02
1.2,LIEE:mountain,LIEE,mountain,Nein,,,,,,,,,,,,,https://cagliariturismo.comune.cagliari.it/,2026-08-02
1.2,LIEE:wellness,LIEE,wellness,Nein,,,,,,,,,,,,,https://cagliariturismo.comune.cagliari.it/,2026-08-02
1.2,LIEO:techstop,LIEO,techstop,Nein,,,,,,,,,,,,,,2026-08-02
1.2,LIEO:breakfast,LIEO,breakfast,Nein,,,,,,,,,,,,,,2026-08-03
1.2,LIEO:city,LIEO,city,Nein,,,,,,,,,,,,,,2026-08-04
1.2,LIEO:beach,LIEO,beach,Ja,Strände der Costa Smeralda,Fahrrad,31,40.937005,9.567522,5.98,93,31,9,Fahrrad,31,Strände der Costa Smeralda,https://www.olbiaturismo.it/,2026-08-02
1.2,LIEO:lake,LIEO,lake,Nein,,,,,,,,,,,,,https://www.olbiaturismo.it/,2026-08-02
1.2,LIEO:mountain,LIEO,mountain,Grenzfall,"Monte Pino, Olbia",Fahrrad,20,40.922808,9.483803,3.91,61,20,6,Fahrrad,20,"Monte Pino, Olbia",https://www.olbiaturismo.it/,2026-08-02
1.2,LIEO:wellness,LIEO,wellness,Grenzfall,"Tramas Hotel e SPA, Olbia",Fahrrad,17,40.925062,9.502747,3.19,50,17,5,Fahrrad,17,"Tramas Hotel e SPA, Olbia",https://www.olbiaturismo.it/,2026-08-02
1.2,LILQ:techstop,LILQ,techstop,Nein,,,,,,,,,,,,,,2026-08-02
1.2,LILQ:breakfast,LILQ,breakfast,Nein,,,,,,,,,,,,,,2026-08-03
1.2,LILQ:city,LILQ,city,Nein,,,,,,,,,,,,,,2026-08-04
1.2,LILQ:beach,LILQ,beach,Ja,"Bagno Annetta, Forte dei Marmi",Fahrrad,22,43.952811,10.172345,4.2,66,22,6,Fahrrad,22,"Bagno Annetta, Forte dei Marmi",https://www.visittuscany.com/,2026-08-02
1.2,LILQ:lake,LILQ,lake,Nein,,,,,,,,,,,,,https://www.visittuscany.com/,2026-08-02
1.2,LILQ:mountain,LILQ,mountain,Ja,"Apuanische Alpen, Trail 4 Seravezza",Fahrrad,45,44.030687,10.223895,8.59,134,45,13,Fahrrad,45,"Apuanische Alpen, Trail 4 Seravezza",https://www.visittuscany.com/,2026-08-02
1.2,LILQ:wellness,LILQ,wellness,Ja,"Hotel Principe, Forte dei Marmi",Fahrrad,23,43.951805,10.176174,4.48,70,23,7,Fahrrad,23,"Hotel Principe, Forte dei Marmi",https://www.visittuscany.com/,2026-08-02
1.2,LIMW:techstop,LIMW,techstop,Nein,,,,,,,,,,,,,,2026-08-02
1.2,LIMW:breakfast,LIMW,breakfast,Nein,,,,,,,,,,,,,,2026-08-03
1.2,LIMW:city,LIMW,city,Nein,,,,,,,,,,,,,,2026-08-04
1.2,LIMW:beach,LIMW,beach,Nein,,,,,,,,,,,,,https://www.lovevda.it/en,2026-08-02
1.2,LIMW:lake,LIMW,lake,Nein,,,,,,,,,,,,,https://www.lovevda.it/en,2026-08-02
1.2,LIMW:mountain,LIMW,mountain,Ja,Seilbahn Aosta–Pila,Fahrrad,20,45.73193,7.319279,3.9,61,20,6,Fahrrad,20,Seilbahn Aosta–Pila,https://www.lovevda.it/en,2026-08-02
1.2,LIMW:wellness,LIMW,wellness,Nein,,,,,,,,,,,,,https://www.lovevda.it/en,2026-08-02
1.2,LIPB:techstop,LIPB,techstop,Nein,,,,,,,,,,,,,,2026-08-02
1.2,LIPB:breakfast,LIPB,breakfast,Nein,,,,,,,,,,,,,,2026-08-03
1.2,LIPB:city,LIPB,city,Nein,,,,,,,,,,,,,,2026-08-04
1.2,LIPB:beach,LIPB,beach,Nein,,,,,,,,,,,,,https://www.merano-suedtirol.it/en/,2026-08-02
1.2,LIPB:lake,LIPB,lake,Ja,Südtiroler Natur- und Berglandschaft,,,,,,,,,,,Südtiroler Natur- und Berglandschaft,https://www.merano-suedtirol.it/en/,2026-08-02
1.2,LIPB:mountain,LIPB,mountain,Ja,Ritten und Dolomitenblick,Fahrrad,27,46.499963,11.364145,5.28,83,27,8,Fahrrad,27,Ritten und Dolomitenblick,https://www.merano-suedtirol.it/en/,2026-08-02
1.2,LIPB:wellness,LIPB,wellness,Grenzfall,"Parkhotel Laurin, Bozen",Fahrrad,25,46.498023,11.357052,4.82,75,25,7,Fahrrad,25,"Parkhotel Laurin, Bozen",https://www.merano-suedtirol.it/en/,2026-08-02
1.2,LIPV:techstop,LIPV,techstop,Nein,,,,,,,,,,,,,,2026-08-02
1.2,LIPV:breakfast,LIPV,breakfast,Nein,,,,,,,,,,,,,,2026-08-03
1.2,LIPV:city,LIPV,city,Nein,,,,,,,,,,,,,,2026-08-04
1.2,LIPV:beach,LIPV,beach,Ja,Spiaggia Lido di Venezia,Fahrrad,9,45.414239,12.377305,1.82,28,9,3,Fahrrad,9,Spiaggia Lido di Venezia,https://www.veneziaunica.it/,2026-08-02
1.2,LIPV:lake,LIPV,lake,Nein,,,,,,,,,,,,,https://www.veneziaunica.it/,2026-08-02
1.2,LIPV:mountain,LIPV,mountain,Nein,,,,,,,,,,,,,https://www.veneziaunica.it/,2026-08-02
1.2,LIPV:wellness,LIPV,wellness,Nein,,,,,,,,,,,,,https://www.veneziaunica.it/,2026-08-02
1.2,LIRJ:techstop,LIRJ,techstop,Nein,,,,,,,,,,,,,,2026-08-02
1.2,LIRJ:breakfast,LIRJ,breakfast,Nein,,,,,,,,,,,,,,2026-08-03
1.2,LIRJ:city,LIRJ,city,Nein,,,,,,,,,,,,,,2026-08-04
1.2,LIRJ:beach,LIRJ,beach,Ja,Marina di Campo Beach,Fahrrad,8,42.745865,10.235704,1.63,26,8,2,Fahrrad,8,Marina di Campo Beach,https://www.visitelba.info/,2026-08-02
1.2,LIRJ:lake,LIRJ,lake,Nein,,,,,,,,,,,,,https://www.visitelba.info/,2026-08-02
1.2,LIRJ:mountain,LIRJ,mountain,Ja,Cabinovia Monte Capanne,Fahrrad,34,42.785512,10.166926,6.55,102,34,10,Fahrrad,34,Cabinovia Monte Capanne,https://www.visitelba.info/,2026-08-02
1.2,LIRJ:wellness,LIRJ,wellness,Grenzfall,"Hotel Hermitage, La Biodola",Fahrrad,25,42.798771,10.26673,4.82,75,25,7,Fahrrad,25,"Hotel Hermitage, La Biodola",https://www.visitelba.info/,2026-08-02
1.2,LJBL:techstop,LJBL,techstop,Nein,,,,,,,,,,,,,,2026-08-02
1.2,LJBL:breakfast,LJBL,breakfast,Nein,,,,,,,,,,,,,,2026-08-03
1.2,LJBL:city,LJBL,city,Nein,,,,,,,,,,,,,,2026-08-04
1.2,LJBL:beach,LJBL,beach,Nein,,,,,,,,,,,,,https://www.bled.si/en/,2026-08-02
1.2,LJBL:lake,LJBL,lake,Ja,"Badeplatz Mala Zaka, Bleder See",Fahrrad,36,46.367328,14.085805,6.85,107,36,10,Fahrrad,36,"Badeplatz Mala Zaka, Bleder See",https://www.bled.si/en/,2026-08-02
1.2,LJBL:mountain,LJBL,mountain,Ja,Klamm Vintgar,Fahrrad,41,46.393593,14.08566,7.87,123,41,12,Fahrrad,41,Klamm Vintgar,https://www.bled.si/en/,2026-08-02
1.2,LJBL:wellness,LJBL,wellness,Ja,"Rikli Balance Hotel, Bled",Fahrrad,26,46.365683,14.109345,5.04,79,26,8,Fahrrad,26,"Rikli Balance Hotel, Bled",https://www.bled.si/en/,2026-08-02
1.2,LJBO:techstop,LJBO,techstop,Nein,,,,,,,,,,,,,,2026-08-02
1.2,LJBO:breakfast,LJBO,breakfast,Nein,,,,,,,,,,,,,,2026-08-03
1.2,LJBO:city,LJBO,city,Nein,,,,,,,,,,,,,,2026-08-04
1.2,LJBO:beach,LJBO,beach,Nein,,,,,,,,,,,,,https://www.bovec-airport.com/,2026-08-02
1.2,LJBO:lake,LJBO,lake,Nein,,,,,,,,,,,,,https://www.bovec-airport.com/,2026-08-02
1.2,LJBO:mountain,LJBO,mountain,Ja,Boka-Wasserfall / Soča-Tal,Fahrrad,23,46.318218,13.494944,4.48,70,23,7,Fahrrad,23,Boka-Wasserfall / Soča-Tal,https://www.bovec-airport.com/,2026-08-02
1.2,LJBO:wellness,LJBO,wellness,Nein,,,,,,,,,,,,,https://www.bovec-airport.com/,2026-08-02
1.2,LJMB:techstop,LJMB,techstop,Nein,,,,,,,,,,,,,,2026-08-02
1.2,LJMB:breakfast,LJMB,breakfast,Nein,,,,,,,,,,,,,,2026-08-03
1.2,LJMB:city,LJMB,city,Nein,,,,,,,,,,,,,,2026-08-04
1.2,LJMB:beach,LJMB,beach,Nein,,,,,,,,,,,,,https://www.visitmaribor.si/en/,2026-08-02
1.2,LJMB:lake,LJMB,lake,Nein,,,,,,,,,,,,,https://www.visitmaribor.si/en/,2026-08-02
1.2,LJMB:mountain,LJMB,mountain,Ja,"Pohorje-Seilbahn, Talstation Maribor",Auto,14,46.532931,15.599245,8.9,139,46,14,Auto,14,"Pohorje-Seilbahn, Talstation Maribor",https://www.visitmaribor.si/en/,2026-08-02
1.2,LJMB:wellness,LJMB,wellness,Ja,"Hotel Habakuk, Maribor",Auto,13,46.533202,15.6011,8.82,138,46,13,Auto,13,"Hotel Habakuk, Maribor",https://www.visitmaribor.si/en/,2026-08-02
1.2,LJPZ:techstop,LJPZ,techstop,Nein,,,,,,,,,,,,,,2026-08-02
1.2,LJPZ:breakfast,LJPZ,breakfast,Nein,,,,,,,,,,,,,,2026-08-03
1.2,LJPZ:city,LJPZ,city,Nein,,,,,,,,,,,,,,2026-08-04
1.2,LJPZ:beach,LJPZ,beach,Ja,Plaža Portorož,Fahrrad,24,45.512352,13.594479,4.62,72,24,7,Fahrrad,24,Plaža Portorož,https://www.portoroz.si/en/,2026-08-02
1.2,LJPZ:lake,LJPZ,lake,Nein,,,,,,,,,,,,,https://www.portoroz.si/en/,2026-08-02
1.2,LJPZ:mountain,LJPZ,mountain,Nein,,,,,,,,,,,,,https://www.portoroz.si/en/,2026-08-02
1.2,LJPZ:wellness,LJPZ,wellness,Ja,Spa-Promenade Portorož,Fahrrad,24,45.512352,13.594479,4.62,72,24,7,Fahrrad,24,Spa-Promenade Portorož,https://www.portoroz.si/en/,2026-08-02
1.2,LKKV:techstop,LKKV,techstop,Nein,,,,,,,,,,,,,,2026-08-02
1.2,LKKV:breakfast,LKKV,breakfast,Nein,,,,,,,,,,,,,,2026-08-03
1.2,LKKV:city,LKKV,city,Nein,,,,,,,,,,,,,,2026-08-04
1.2,LKKV:beach,LKKV,beach,Nein,,,,,,,,,,,,,https://www.karlovyvary.cz/en,2026-08-02
1.2,LKKV:lake,LKKV,lake,Nein,,,,,,,,,,,,,https://www.karlovyvary.cz/en,2026-08-02
1.2,LKKV:mountain,LKKV,mountain,Ja,"Aussichtsturm Diana, Kurwald",Fahrrad,18,50.218978,12.87228,3.53,55,18,5,Fahrrad,18,"Aussichtsturm Diana, Kurwald",https://www.karlovyvary.cz/en,2026-08-02
1.2,LKKV:wellness,LKKV,wellness,Ja,Thermalkolonnade Karlovy Vary,Fahrrad,16,50.222712,12.883365,3.15,49,16,5,Fahrrad,16,Thermalkolonnade Karlovy Vary,https://www.karlovyvary.cz/en,2026-08-02
1.2,LOGM:techstop,LOGM,techstop,Nein,,,,,,,,,,,,,,2026-08-02
1.2,LOGM:breakfast,LOGM,breakfast,Nein,,,,,,,,,,,,,,2026-08-03
1.2,LOGM:city,LOGM,city,Nein,,,,,,,,,,,,,,2026-08-04
1.2,LOGM:beach,LOGM,beach,Nein,,,,,,,,,,,,,https://www.mariazell.at/sommer/der-erlaufsee/,2026-08-02
1.2,LOGM:lake,LOGM,lake,Ja,Badestrand Erlaufsee,Fahrrad,11,47.790041,15.279604,2.17,34,11,3,Fahrrad,11,Badestrand Erlaufsee,https://www.mariazell.at/sommer/der-erlaufsee/,2026-08-02
1.2,LOGM:mountain,LOGM,mountain,Ja,Mariazeller Bürgeralpe,Fahrrad,13,47.775379,15.316539,2.41,38,13,4,Fahrrad,13,Mariazeller Bürgeralpe,https://www.mariazell.at/sommer/der-erlaufsee/,2026-08-02
1.2,LOGM:wellness,LOGM,wellness,Nein,,,,,,,,,,,,,https://www.mariazell.at/sommer/der-erlaufsee/,2026-08-02
1.2,LOGO:techstop,LOGO,techstop,Nein,,,,,,,,,,,,,,2026-08-02
1.2,LOGO:breakfast,LOGO,breakfast,Nein,,,,,,,,,,,,,,2026-08-03
1.2,LOGO:city,LOGO,city,Nein,,,,,,,,,,,,,,2026-08-04
1.2,LOGO:beach,LOGO,beach,Nein,,,,,,,,,,,,,https://www.sportsarea.at/,2026-08-02
1.2,LOGO:lake,LOGO,lake,Nein,,,,,,,,,,,,,https://www.sportsarea.at/,2026-08-02
1.2,LOGO:mountain,LOGO,mountain,Ja,Planai Schladming,Auto,37,47.372965,13.724591,24.26,379,126,37,Auto,37,Planai Schladming,https://www.sportsarea.at/,2026-08-02
1.2,LOGO:wellness,LOGO,wellness,Ja,sportsarea Grimming (am Platz),zu Fuß,9,47.481388,14.011762,0.58,9,3,1,zu Fuß,9,sportsarea Grimming (am Platz),https://www.sportsarea.at/,2026-08-02
1.2,LOIH:techstop,LOIH,techstop,Nein,,,,,,,,,,,,,,2026-08-02
1.2,LOIH:breakfast,LOIH,breakfast,Nein,,,,,,,,,,,,,,2026-08-03
1.2,LOIH:city,LOIH,city,Nein,,,,,,,,,,,,,,2026-08-04
1.2,LOIH:beach,LOIH,beach,Nein,,,,,,,,,,,,,https://www.bregenzerwald.at/en/,2026-08-02
1.2,LOIH:lake,LOIH,lake,Ja,"Strandbad Hard, Bodensee",Auto,19,47.495151,9.686781,12.29,192,64,19,Auto,19,"Strandbad Hard, Bodensee",https://www.bregenzerwald.at/en/,2026-08-02
1.2,LOIH:mountain,LOIH,mountain,Ja,Karren-Seilbahn Dornbirn,Fahrrad,23,47.400465,9.753523,4.38,68,23,7,Fahrrad,23,Karren-Seilbahn Dornbirn,https://www.bregenzerwald.at/en/,2026-08-02
1.2,LOIH:wellness,LOIH,wellness,Nein,,,,,,,,,,,,,https://www.bregenzerwald.at/en/,2026-08-02
1.2,LOIJ:techstop,LOIJ,techstop,Nein,,,,,,,,,,,,,,2026-08-02
1.2,LOIJ:breakfast,LOIJ,breakfast,Nein,,,,,,,,,,,,,,2026-08-03
1.2,LOIJ:city,LOIJ,city,Nein,,,,,,,,,,,,,,2026-08-04
1.2,LOIJ:beach,LOIJ,beach,Nein,,,,,,,,,,,,,https://www.kitzbueheler-alpen.com/en/stjo/,2026-08-02
1.2,LOIJ:lake,LOIJ,lake,Ja,Stadtbad Schwarzsee Kitzbühel,Auto,14,47.455386,12.366497,9.43,147,49,14,Auto,14,Stadtbad Schwarzsee Kitzbühel,https://www.kitzbueheler-alpen.com/en/stjo/,2026-08-02
1.2,LOIJ:mountain,LOIJ,mountain,Ja,Harschbichlbahn,Fahrrad,17,47.495519,12.425849,3.19,50,17,5,Fahrrad,17,Harschbichlbahn,https://www.kitzbueheler-alpen.com/en/stjo/,2026-08-02
1.2,LOIJ:wellness,LOIJ,wellness,Ja,Alpenhotel Kaiserfels,zu Fuß,8,47.51543,12.447666,0.54,8,3,1,zu Fuß,8,Alpenhotel Kaiserfels,https://www.kitzbueheler-alpen.com/en/stjo/,2026-08-02
1.2,LOKL:techstop,LOKL,techstop,Nein,,,,,,,,,,,,,,2026-08-02
1.2,LOKL:breakfast,LOKL,breakfast,Nein,,,,,,,,,,,,,,2026-08-03
1.2,LOKL:city,LOKL,city,Nein,,,,,,,,,,,,,,2026-08-04
1.2,LOKL:beach,LOKL,beach,Nein,,,,,,,,,,,,,https://www.flugplatz-lienz.at/flugplatz/flugplatzinfo/piloteninfo,2026-08-02
1.2,LOKL:lake,LOKL,lake,Ja,Tristacher See,Fahrrad,21,46.806921,12.796807,4.02,63,21,6,Fahrrad,21,Tristacher See,https://www.flugplatz-lienz.at/flugplatz/flugplatzinfo/piloteninfo,2026-08-02
1.2,LOKL:mountain,LOKL,mountain,Ja,"Zettersfeldbahn, Lienz",Fahrrad,12,46.841781,12.775777,2.33,36,12,4,Fahrrad,12,"Zettersfeldbahn, Lienz",https://www.flugplatz-lienz.at/flugplatz/flugplatzinfo/piloteninfo,2026-08-02
1.2,LOKL:wellness,LOKL,wellness,Nein,,,,,,,,,,,,,https://www.flugplatz-lienz.at/flugplatz/flugplatzinfo/piloteninfo,2026-08-02
1.2,LOLU:techstop,LOLU,techstop,Nein,,,,,,,,,,,,,,2026-08-02
1.2,LOLU:breakfast,LOLU,breakfast,Nein,,,,,,,,,,,,,,2026-08-03
1.2,LOLU:city,LOLU,city,Nein,,,,,,,,,,,,,,2026-08-04
1.2,LOLU:beach,LOLU,beach,Nein,,,,,,,,,,,,,https://www.fliegerclub-traunsee.at/der-flugplatz/,2026-08-02
1.2,LOLU:lake,LOLU,lake,Ja,"Gmundner Strandbad, Traunsee",Fahrrad,20,47.908656,13.784303,3.94,61,20,6,Fahrrad,20,"Gmundner Strandbad, Traunsee",https://www.fliegerclub-traunsee.at/der-flugplatz/,2026-08-02
1.2,LOLU:mountain,LOLU,mountain,Ja,Grünbergseilbahn Gmunden,Fahrrad,13,47.913524,13.807913,2.43,38,13,4,Fahrrad,13,Grünbergseilbahn Gmunden,https://www.fliegerclub-traunsee.at/der-flugplatz/,2026-08-02
1.2,LOLU:wellness,LOLU,wellness,Nein,,,,,,,,,,,,,https://www.fliegerclub-traunsee.at/der-flugplatz/,2026-08-02
1.2,LOSM:techstop,LOSM,techstop,Nein,,,,,,,,,,,,,,2026-08-02
1.2,LOSM:breakfast,LOSM,breakfast,Nein,,,,,,,,,,,,,,2026-08-03
1.2,LOSM:city,LOSM,city,Nein,,,,,,,,,,,,,,2026-08-04
1.2,LOSM:beach,LOSM,beach,Nein,,,,,,,,,,,,,https://www.losm.at/en/pilot-information.html,2026-08-02
1.2,LOSM:lake,LOSM,lake,Nein,,,,,,,,,,,,,https://www.losm.at/en/pilot-information.html,2026-08-02
1.2,LOSM:mountain,LOSM,mountain,Ja,Großeckbahn Mauterndorf,Fahrrad,11,47.141781,13.663073,2.07,32,11,3,Fahrrad,11,Großeckbahn Mauterndorf,https://www.losm.at/en/pilot-information.html,2026-08-02
1.2,LOSM:wellness,LOSM,wellness,Nein,,,,,,,,,,,,,https://www.losm.at/en/pilot-information.html,2026-08-02
1.2,LOWI:techstop,LOWI,techstop,Nein,,,,,,,,,,,,,,2026-08-02
1.2,LOWI:breakfast,LOWI,breakfast,Nein,,,,,,,,,,,,,,2026-08-03
1.2,LOWI:city,LOWI,city,Nein,,,,,,,,,,,,,,2026-08-04
1.2,LOWI:beach,LOWI,beach,Nein,,,,,,,,,,,,,https://www.innsbruck.info/en/,2026-08-02
1.2,LOWI:lake,LOWI,lake,Nein,,,,,,,,,,,,,https://www.innsbruck.info/en/,2026-08-02
1.2,LOWI:mountain,LOWI,mountain,Ja,Hungerburgbahn Talstation,Fahrrad,21,47.271131,11.395348,4.07,64,21,6,Fahrrad,21,Hungerburgbahn Talstation,https://www.innsbruck.info/en/,2026-08-02
1.2,LOWI:wellness,LOWI,wellness,Grenzfall,"Hotel Grauer Bär, Innsbruck",Fahrrad,22,47.268945,11.397509,4.16,65,22,6,Fahrrad,22,"Hotel Grauer Bär, Innsbruck",https://www.innsbruck.info/en/,2026-08-02
1.2,LOWK:techstop,LOWK,techstop,Nein,,,,,,,,,,,,,,2026-08-02
1.2,LOWK:breakfast,LOWK,breakfast,Nein,,,,,,,,,,,,,,2026-08-03
1.2,LOWK:city,LOWK,city,Nein,,,,,,,,,,,,,,2026-08-04
1.2,LOWK:beach,LOWK,beach,Nein,,,,,,,,,,,,,https://www.visitklagenfurt.at/,2026-08-02
1.2,LOWK:lake,LOWK,lake,Ja,"Strandbad Klagenfurt, Wörthersee",Fahrrad,35,46.61999,14.254599,6.82,107,35,10,Fahrrad,35,"Strandbad Klagenfurt, Wörthersee",https://www.visitklagenfurt.at/,2026-08-02
1.2,LOWK:mountain,LOWK,mountain,Nein,,,,,,,,,,,,,https://www.visitklagenfurt.at/,2026-08-02
1.2,LOWK:wellness,LOWK,wellness,Ja,Das Seepark Wörthersee Resort,Fahrrad,34,46.617917,14.261158,6.45,101,34,10,Fahrrad,34,Das Seepark Wörthersee Resort,https://www.visitklagenfurt.at/,2026-08-02
1.2,LOWS:techstop,LOWS,techstop,Nein,,,,,,,,,,,,,,2026-08-02
1.2,LOWS:breakfast,LOWS,breakfast,Nein,,,,,,,,,,,,,,2026-08-03
1.2,LOWS:city,LOWS,city,Ja,Salzburger Altstadt,,,,,,,,,,,Salzburger Altstadt,,2026-08-04
1.2,LOWS:beach,LOWS,beach,Nein,,,,,,,,,,,,,https://www.gastein.com/en/,2026-08-02
1.2,LOWS:lake,LOWS,lake,Nein,,,,,,,,,,,,,https://www.gastein.com/en/,2026-08-02
1.2,LOWS:mountain,LOWS,mountain,Ja,"Untersbergbahn, Grödig",Fahrrad,42,47.725716,13.042192,8.03,125,42,12,Fahrrad,42,"Untersbergbahn, Grödig",https://www.gastein.com/en/,2026-08-02
1.2,LOWS:wellness,LOWS,wellness,Ja,Paracelsus Bad Salzburg,Fahrrad,16,47.806758,13.040352,3.08,48,16,5,Fahrrad,16,Paracelsus Bad Salzburg,https://www.gastein.com/en/,2026-08-02
1.2,LOWZ:techstop,LOWZ,techstop,Nein,,,,,,,,,,,,,,2026-08-02
1.2,LOWZ:breakfast,LOWZ,breakfast,Nein,,,,,,,,,,,,,,2026-08-03
1.2,LOWZ:city,LOWZ,city,Nein,,,,,,,,,,,,,,2026-08-04
1.2,LOWZ:beach,LOWZ,beach,Nein,,,,,,,,,,,,,https://www.zellamsee-kaprun.com/en,2026-08-02
1.2,LOWZ:lake,LOWZ,lake,Ja,Strandbad Seespitz,Fahrrad,12,47.311736,12.796414,2.22,35,12,3,Fahrrad,12,Strandbad Seespitz,https://www.zellamsee-kaprun.com/en,2026-08-02
1.2,LOWZ:mountain,LOWZ,mountain,Ja,Schmittenhöhebahn Talstation,Fahrrad,21,47.326405,12.772478,3.95,62,21,6,Fahrrad,21,Schmittenhöhebahn Talstation,https://www.zellamsee-kaprun.com/en,2026-08-02
1.2,LOWZ:wellness,LOWZ,wellness,Ja,TAUERN SPA Kaprun,Fahrrad,12,47.283218,12.759837,2.38,37,12,4,Fahrrad,12,TAUERN SPA Kaprun,https://www.zellamsee-kaprun.com/en,2026-08-02
1.2,LSGL:techstop,LSGL,techstop,Nein,,,,,,,,,,,,,,2026-08-02
1.2,LSGL:breakfast,LSGL,breakfast,Nein,,,,,,,,,,,,,,2026-08-03
1.2,LSGL:city,LSGL,city,Nein,,,,,,,,,,,,,,2026-08-04
1.2,LSGL:beach,LSGL,beach,Nein,,,,,,,,,,,,,https://www.lausanne-tourisme.ch/,2026-08-02
1.2,LSGL:lake,LSGL,lake,Ja,"Plage de Vidy, Genfersee",Fahrrad,19,46.51581,6.596865,3.61,56,19,6,Fahrrad,19,"Plage de Vidy, Genfersee",https://www.lausanne-tourisme.ch/,2026-08-02
1.2,LSGL:mountain,LSGL,mountain,Nein,,,,,,,,,,,,,https://www.lausanne-tourisme.ch/,2026-08-02
1.2,LSGL:wellness,LSGL,wellness,Ja,"Spa Guerlain, Beau-Rivage Palace",Fahrrad,22,46.507997,6.629835,4.27,67,22,7,Fahrrad,22,"Spa Guerlain, Beau-Rivage Palace",https://www.lausanne-tourisme.ch/,2026-08-02
1.2,LSGS:techstop,LSGS,techstop,Nein,,,,,,,,,,,,,,2026-08-02
1.2,LSGS:breakfast,LSGS,breakfast,Nein,,,,,,,,,,,,,,2026-08-03
1.2,LSGS:city,LSGS,city,Nein,,,,,,,,,,,,,,2026-08-04
1.2,LSGS:beach,LSGS,beach,Nein,,,,,,,,,,,,,https://leukerbad.ch/en/,2026-08-02
1.2,LSGS:lake,LSGS,lake,Ja,Walliser Natur- und Tallandschaft,,,,,,,,,,,Walliser Natur- und Tallandschaft,https://leukerbad.ch/en/,2026-08-02
1.2,LSGS:mountain,LSGS,mountain,Ja,Walliser Alpen,Fahrrad,16,46.195571,7.344096,2.99,47,16,5,Fahrrad,16,Walliser Alpen,https://leukerbad.ch/en/,2026-08-02
1.2,LSGS:wellness,LSGS,wellness,Grenzfall,Les Bains de Saillon,Auto,17,46.173468,7.195701,11.32,177,59,17,Auto,17,Les Bains de Saillon,https://leukerbad.ch/en/,2026-08-02
1.2,LSGT:techstop,LSGT,techstop,Nein,,,,,,,,,,,,,,2026-08-02
1.2,LSGT:breakfast,LSGT,breakfast,Nein,,,,,,,,,,,,,,2026-08-03
1.2,LSGT:city,LSGT,city,Nein,,,,,,,,,,,,,,2026-08-04
1.2,LSGT:beach,LSGT,beach,Nein,,,,,,,,,,,,,https://www.la-gruyere.ch/,2026-08-02
1.2,LSGT:lake,LSGT,lake,Ja,Plage Lac de la Gruyère,Auto,14,46.678765,7.088955,9.48,148,49,14,Auto,14,Plage Lac de la Gruyère,https://www.la-gruyere.ch/,2026-08-02
1.2,LSGT:mountain,LSGT,mountain,Ja,Moléson-sur-Gruyères Seilbahn,Fahrrad,33,46.5601,7.038378,6.31,99,33,10,Fahrrad,33,Moléson-sur-Gruyères Seilbahn,https://www.la-gruyere.ch/,2026-08-02
1.2,LSGT:wellness,LSGT,wellness,Ja,"Les Bains de la Gruyère, Charmey",Fahrrad,28,46.621047,7.161799,5.3,83,28,8,Fahrrad,28,"Les Bains de la Gruyère, Charmey",https://www.la-gruyere.ch/,2026-08-02
1.2,LSZB:techstop,LSZB,techstop,Nein,,,,,,,,,,,,,,2026-08-03
1.2,LSZB:breakfast,LSZB,breakfast,Ja,,,,,,,,,,,,,https://amantebelp.ch/restaurant/,2026-08-03
1.2,LSZB:city,LSZB,city,Nein,,,,,,,,,,,,,,2026-08-04
1.2,LSZB:beach,LSZB,beach,Nein,,,,,,,,,,,,,,2026-08-03
1.2,LSZB:lake,LSZB,lake,Nein,,,,,,,,,,,,,,2026-08-03
1.2,LSZB:mountain,LSZB,mountain,Nein,,,,,,,,,,,,,,2026-08-03
1.2,LSZB:wellness,LSZB,wellness,Nein,,,,,,,,,,,,,,2026-08-03
1.2,LSZG:techstop,LSZG,techstop,Nein,,,,,,,,,,,,,,2026-08-03
1.2,LSZG:breakfast,LSZG,breakfast,Ja,,,,,,,,,,,,,https://airporthotel.ch/,2026-08-03
1.2,LSZG:city,LSZG,city,Nein,,,,,,,,,,,,,,2026-08-04
1.2,LSZG:beach,LSZG,beach,Nein,,,,,,,,,,,,,,2026-08-03
1.2,LSZG:lake,LSZG,lake,Nein,,,,,,,,,,,,,,2026-08-03
1.2,LSZG:mountain,LSZG,mountain,Nein,,,,,,,,,,,,,,2026-08-03
1.2,LSZG:wellness,LSZG,wellness,Nein,,,,,,,,,,,,,,2026-08-03
1.2,LSZL:techstop,LSZL,techstop,Nein,,,,,,,,,,,,,,2026-08-02
1.2,LSZL:breakfast,LSZL,breakfast,Nein,,,,,,,,,,,,,,2026-08-03
1.2,LSZL:city,LSZL,city,Nein,,,,,,,,,,,,,,2026-08-04
1.2,LSZL:beach,LSZL,beach,Nein,,,,,,,,,,,,,https://www.ascona-locarno.com/en,2026-08-02
1.2,LSZL:lake,LSZL,lake,Ja,"Lungolago Locarno, Lago Maggiore",Fahrrad,31,46.167629,8.801818,5.96,93,31,9,Fahrrad,31,"Lungolago Locarno, Lago Maggiore",https://www.ascona-locarno.com/en,2026-08-02
1.2,LSZL:mountain,LSZL,mountain,Ja,"Funivia Cardada, Orselina",Fahrrad,36,46.175898,8.792083,6.87,107,36,10,Fahrrad,36,"Funivia Cardada, Orselina",https://www.ascona-locarno.com/en,2026-08-02
1.2,LSZL:wellness,LSZL,wellness,Ja,Termali Salini Locarno,Fahrrad,30,46.162394,8.803373,5.8,91,30,9,Fahrrad,30,Termali Salini Locarno,https://www.ascona-locarno.com/en,2026-08-02
1.2,LSZR:techstop,LSZR,techstop,Nein,,,,,,,,,,,,,,2026-08-02
1.2,LSZR:breakfast,LSZR,breakfast,Nein,,,,,,,,,,,,,,2026-08-03
1.2,LSZR:city,LSZR,city,Nein,,,,,,,,,,,,,,2026-08-04
1.2,LSZR:beach,LSZR,beach,Nein,,,,,,,,,,,,,https://www.appenzell.ch/en/,2026-08-02
1.2,LSZR:lake,LSZR,lake,Ja,Strandbad Altenrhein,zu Fuß,18,47.491683,9.548844,1.17,18,6,2,zu Fuß,18,Strandbad Altenrhein,https://www.appenzell.ch/en/,2026-08-02
1.2,LSZR:mountain,LSZR,mountain,Nein,,,,,,,,,,,,,https://www.appenzell.ch/en/,2026-08-02
1.2,LSZR:wellness,LSZR,wellness,Nein,,,,,,,,,,,,,https://www.appenzell.ch/en/,2026-08-02
1.2,EDLA:techstop,EDLA,techstop,Ja,Technischer Zwischenstopp Sauerland,,,,,,,,,,,Technischer Zwischenstopp Sauerland,https://www.flugplatz-arnsberg-menden.de/en/aerodrome-data/,2026-08-09
1.2,EDLA:lake,EDLA,lake,Ja,Sauerland und Möhnetal,Taxi,15,,,,,,,,,Sauerland und Möhnetal,https://www.sauerland.com/,2026-08-09
1.2,EDMB:techstop,EDMB,techstop,Ja,Technischer Zwischenstopp Biberach,,,,,,,,,,,Technischer Zwischenstopp Biberach,https://edmb.de/fur-piloten/an-abflug/,2026-08-09
1.2,EDVE:techstop,EDVE,techstop,Ja,Technischer Zwischenstopp Braunschweig-Wolfsburg,,,,,,,,,,,Technischer Zwischenstopp Braunschweig-Wolfsburg,https://www.fhbwe.de/,2026-08-09
1.2,EDXF:city,EDXF,city,Ja,Flensburg,Bus,10,,,,,,,,,Flensburg,https://www.flensburg.de/,2026-08-09
1.2,EDXF:lake,EDXF,lake,Ja,Stiftungsland Schäferhaus,zu Fuß,10,54.784767,9.358114,1.5,20,8,3,zu Fuß,10,Stiftungsland Schäferhaus,https://www.stiftungsland.de/,2026-08-09
1.2,EDXB:beach,EDXB,beach,Ja,Büsum und Nordseestrand,Fahrrad,20,54.1296,8.8587,5,65,20,10,Fahrrad,20,Büsum und Nordseestrand,https://www.buesum.de/,2026-08-09
1.2,EDAX:lake,EDAX,lake,Ja,Müritz und Mecklenburgische Seenplatte,Fahrrad/Mietwagen,20,,,,,,,,,Müritz und Mecklenburgische Seenplatte,https://www.mueritz-airpark.de/flugplatz/daten/,2026-08-09
1.2,ETHN:techstop,ETHN,techstop,Ja,Technischer Zwischenstopp Niederstetten,,,,,,,,,,,Technischer Zwischenstopp Niederstetten,https://www.flugplatz-ethn.de/Flugplatz,2026-08-09
1.2,LOAN:city,LOAN,city,Ja,Wiener Neustadt,Taxi,10,47.813,16.244,3.5,45,15,8,Taxi,10,Wiener Neustadt,https://www.wiener-neustadt.at/de/tourismus,2026-08-09
1.2,EDLA:breakfast,EDLA,breakfast,Nein,,,,,,,,,,,,,,2026-08-09
1.2,EDLA:city,EDLA,city,Nein,,,,,,,,,,,,,,2026-08-09
1.2,EDLA:beach,EDLA,beach,Nein,,,,,,,,,,,,,,2026-08-09
1.2,EDLA:mountain,EDLA,mountain,Ja,Sauerland,,,,,,,,,,,Sauerland,https://www.sauerland.com/,2026-08-09
1.2,EDLA:wellness,EDLA,wellness,Nein,,,,,,,,,,,,,,2026-08-09
1.2,EDMB:breakfast,EDMB,breakfast,Nein,,,,,,,,,,,,,,2026-08-09
1.2,EDMB:city,EDMB,city,Ja,Biberach,,,,,,,,,,,Biberach,https://www.biberach-tourismus.de/,2026-08-09
1.2,EDMB:beach,EDMB,beach,Nein,,,,,,,,,,,,,,2026-08-09
1.2,EDMB:lake,EDMB,lake,Nein,,,,,,,,,,,,,,2026-08-09
1.2,EDMB:mountain,EDMB,mountain,Nein,,,,,,,,,,,,,,2026-08-09
1.2,EDMB:wellness,EDMB,wellness,Nein,,,,,,,,,,,,,,2026-08-09
1.2,EDVE:breakfast,EDVE,breakfast,Nein,,,,,,,,,,,,,,2026-08-09
1.2,EDVE:city,EDVE,city,Ja,Braunschweig und Wolfsburg,,,,,,,,,,,Braunschweig und Wolfsburg,https://www.braunschweig.de/tourismus/,2026-08-09
1.2,EDVE:beach,EDVE,beach,Nein,,,,,,,,,,,,,,2026-08-09
1.2,EDVE:lake,EDVE,lake,Nein,,,,,,,,,,,,,,2026-08-09
1.2,EDVE:mountain,EDVE,mountain,Nein,,,,,,,,,,,,,,2026-08-09
1.2,EDVE:wellness,EDVE,wellness,Nein,,,,,,,,,,,,,,2026-08-09
1.2,EDXF:techstop,EDXF,techstop,Nein,,,,,,,,,,,,,,2026-08-09
1.2,EDXF:breakfast,EDXF,breakfast,Nein,,,,,,,,,,,,,,2026-08-09
1.2,EDXF:beach,EDXF,beach,Nein,,,,,,,,,,,,,,2026-08-09
1.2,EDXF:mountain,EDXF,mountain,Nein,,,,,,,,,,,,,,2026-08-09
1.2,EDXF:wellness,EDXF,wellness,Nein,,,,,,,,,,,,,,2026-08-09
1.2,EDXB:techstop,EDXB,techstop,Nein,,,,,,,,,,,,,,2026-08-09
1.2,EDXB:breakfast,EDXB,breakfast,Nein,,,,,,,,,,,,,,2026-08-09
1.2,EDXB:city,EDXB,city,Nein,,,,,,,,,,,,,,2026-08-09
1.2,EDXB:lake,EDXB,lake,Nein,,,,,,,,,,,,,,2026-08-09
1.2,EDXB:mountain,EDXB,mountain,Nein,,,,,,,,,,,,,,2026-08-09
1.2,EDXB:wellness,EDXB,wellness,Nein,,,,,,,,,,,,,,2026-08-09
1.2,EDAX:techstop,EDAX,techstop,Nein,,,,,,,,,,,,,,2026-08-09
1.2,EDAX:breakfast,EDAX,breakfast,Nein,,,,,,,,,,,,,,2026-08-09
1.2,EDAX:city,EDAX,city,Nein,,,,,,,,,,,,,,2026-08-09
1.2,EDAX:beach,EDAX,beach,Nein,,,,,,,,,,,,,,2026-08-09
1.2,EDAX:mountain,EDAX,mountain,Nein,,,,,,,,,,,,,,2026-08-09
1.2,EDAX:wellness,EDAX,wellness,Nein,,,,,,,,,,,,,,2026-08-09
1.2,ETHN:breakfast,ETHN,breakfast,Nein,,,,,,,,,,,,,,2026-08-09
1.2,ETHN:city,ETHN,city,Nein,,,,,,,,,,,,,,2026-08-09
1.2,ETHN:beach,ETHN,beach,Nein,,,,,,,,,,,,,,2026-08-09
1.2,ETHN:lake,ETHN,lake,Nein,,,,,,,,,,,,,,2026-08-09
1.2,ETHN:mountain,ETHN,mountain,Nein,,,,,,,,,,,,,,2026-08-09
1.2,ETHN:wellness,ETHN,wellness,Nein,,,,,,,,,,,,,,2026-08-09
1.2,LOAN:techstop,LOAN,techstop,Nein,,,,,,,,,,,,,,2026-08-09
1.2,LOAN:breakfast,LOAN,breakfast,Nein,,,,,,,,,,,,,,2026-08-09
1.2,LOAN:beach,LOAN,beach,Nein,,,,,,,,,,,,,,2026-08-09
1.2,LOAN:lake,LOAN,lake,Nein,,,,,,,,,,,,,,2026-08-09
1.2,LOAN:mountain,LOAN,mountain,Nein,,,,,,,,,,,,,,2026-08-09
1.2,LOAN:wellness,LOAN,wellness,Nein,,,,,,,,,,,,,,2026-08-09
1.2,EDFE:techstop,EDFE,techstop,Ja,Bevorzugter Alternate und leistungsfähiger TechStop.,,,,,,,,,,,,https://egelsbach-airport.com/piloteninfo/,2026-08-09
1.2,EDFE:breakfast,EDFE,breakfast,Nein,,,,,,,,,,,,,,2026-08-09
1.2,EDFE:city,EDFE,city,Nein,,,,,,,,,,,,,,2026-08-09
1.2,EDFE:beach,EDFE,beach,Nein,,,,,,,,,,,,,,2026-08-09
1.2,EDFE:lake,EDFE,lake,Nein,,,,,,,,,,,,,,2026-08-09
1.2,EDFE:mountain,EDFE,mountain,Nein,,,,,,,,,,,,,,2026-08-09
1.2,EDFE:wellness,EDFE,wellness,Nein,,,,,,,,,,,,,,2026-08-09
1.2,EDRY:techstop,EDRY,techstop,Ja,Bevorzugter Alternate und leistungsfähiger TechStop.,,,,,,,,,,,,https://flugplatz-speyer.de/infos-entgelte/,2026-08-09
1.2,EDRY:breakfast,EDRY,breakfast,Nein,,,,,,,,,,,,,,2026-08-09
1.2,EDRY:city,EDRY,city,Nein,,,,,,,,,,,,,,2026-08-09
1.2,EDRY:beach,EDRY,beach,Nein,,,,,,,,,,,,,,2026-08-09
1.2,EDRY:lake,EDRY,lake,Nein,,,,,,,,,,,,,,2026-08-09
1.2,EDRY:mountain,EDRY,mountain,Nein,,,,,,,,,,,,,,2026-08-09
1.2,EDRY:wellness,EDRY,wellness,Nein,,,,,,,,,,,,,,2026-08-09
